trial_id,ros_time_s,wall_time_s,topic,message_stamp_s,receive_stamp_s,latency_ms,interarrival_ms,frame_index,frame_drop_count,clock_drift_ms,tf_age_ms,selected_leader_age_ms,cmd_vel_safe_age_ms,watchdog_trigger,watchdog_reason,safety_state,cpu_percent,gpu_percent,gpu_memory_mb,memory_mb,thermal_state,rosbag_path,telemetry_source
synthetic_runtime_telemetry_dryrun_001,0.0000,0.001000,/tf,0.000000,0.000000,7.500000,0.000000,0,0,1.000000,18.000000,25.500000,28.000000,false,,"{""safety_stop"":false,""reason"":""nominal_shadow_runtime_dryrun""}",41.000000,29.900000,612.000000,1880.000000,nominal_no_throttle,synthetic://runtime_telemetry_dryrun_no_bag,synthetic_runtime_telemetry_dryrun
synthetic_runtime_telemetry_dryrun_001,0.0000,0.001000,/robot_1/odom,0.000000,0.000000,8.146366,0.000000,0,0,1.000000,18.000000,25.500000,28.000000,false,,"{""safety_stop"":false,""reason"":""nominal_shadow_runtime_dryrun""}",41.000000,29.900000,612.000000,1880.000000,nominal_no_throttle,synthetic://runtime_telemetry_dryrun_no_bag,synthetic_runtime_telemetry_dryrun
synthetic_runtime_telemetry_dryrun_001,0.0000,0.001000,/robot_1/detections_raw,0.000000,0.000000,8.771196,0.000000,0,0,1.000000,18.000000,25.500000,28.000000,false,,"{""safety_stop"":false,""reason"":""nominal_shadow_runtime_dryrun""}",41.000000,29.900000,612.000000,1880.000000,nominal_no_throttle,synthetic://runtime_telemetry_dryrun_no_bag,synthetic_runtime_telemetry_dryrun
synthetic_runtime_telemetry_dryrun_001,0.0000,0.001000,/robot_1/detections_faulty,0.000000,0.000000,9.354294,0.000000,0,0,1.000000,18.000000,25.500000,28.000000,false,,"{""safety_stop"":false,""reason"":""nominal_shadow_runtime_dryrun""}",41.000000,29.900000,612.000000,1880.000000,nominal_no_throttle,synthetic://runtime_telemetry_dryrun_no_bag,synthetic_runtime_telemetry_dryrun
synthetic_runtime_telemetry_dryrun_001,0.0000,0.001000,/robot_1/qgip/selected_leader,0.000000,0.000000,9.878059,0.000000,0,0,1.000000,18.000000,25.500000,28.000000,false,,"{""safety_stop"":false,""reason"":""nominal_shadow_runtime_dryrun""}",41.000000,29.900000,612.000000,1880.000000,nominal_no_throttle,synthetic://runtime_telemetry_dryrun_no_bag,synthetic_runtime_telemetry_dryrun
synthetic_runtime_telemetry_dryrun_001,0.0000,0.001000,/robot_1/qgip/pop_state,0.000000,0.000000,10.328578,0.000000,0,0,1.000000,18.000000,25.500000,28.000000,false,,"{""safety_stop"":false,""reason"":""nominal_shadow_runtime_dryrun""}",41.000000,29.900000,612.000000,1880.000000,nominal_no_throttle,synthetic://runtime_telemetry_dryrun_no_bag,synthetic_runtime_telemetry_dryrun
synthetic_runtime_telemetry_dryrun_001,0.0000,0.001000,/robot_1/qgip/mpc_debug,0.000000,0.000000,10.696493,0.000000,0,0,1.000000,18.000000,25.500000,28.000000,false,,"{""safety_stop"":false,""reason"":""nominal_shadow_runtime_dryrun""}",41.000000,29.900000,612.000000,1880.000000,nominal_no_throttle,synthetic://runtime_telemetry_dryrun_no_bag,synthetic_runtime_telemetry_dryrun
synthetic_runtime_telemetry_dryrun_001,0.0000,0.001000,/robot_1/cmd_vel_safe,0.000000,0.000000,10.977580,0.000000,0,0,1.000000,18.000000,25.500000,28.000000,false,,"{""safety_stop"":false,""reason"":""nominal_shadow_runtime_dryrun""}",41.000000,29.900000,612.000000,1880.000000,nominal_no_throttle,synthetic://runtime_telemetry_dryrun_no_bag,synthetic_runtime_telemetry_dryrun
synthetic_runtime_telemetry_dryrun_001,0.0000,0.001000,/robot_1/safety_state,0.000000,0.000000,11.173016,0.000000,0,0,1.000000,18.000000,25.500000,28.000000,false,,"{""safety_stop"":false,""reason"":""nominal_shadow_runtime_dryrun""}",41.000000,29.900000,612.000000,1880.000000,nominal_no_throttle,synthetic://runtime_telemetry_dryrun_no_bag,synthetic_runtime_telemetry_dryrun
synthetic_runtime_telemetry_dryrun_001,0.0000,0.001000,system_monitor,0.000000,0.000000,11.289302,0.000000,0,0,1.000000,18.000000,25.500000,28.000000,false,,"{""safety_stop"":false,""reason"":""nominal_shadow_runtime_dryrun""}",41.000000,29.900000,612.000000,1880.000000,nominal_no_throttle,synthetic://runtime_telemetry_dryrun_no_bag,synthetic_runtime_telemetry_dryrun
synthetic_runtime_telemetry_dryrun_001,0.0500,0.051130,/tf,0.042154,0.050000,7.846366,50.000000,1,0,1.129534,18.899075,26.384720,29.200000,false,,"{""safety_stop"":false,""reason"":""nominal_shadow_runtime_dryrun""}",41.588211,30.057869,614.200000,1885.000000,nominal_no_throttle,synthetic://runtime_telemetry_dryrun_no_bag,synthetic_runtime_telemetry_dryrun
synthetic_runtime_telemetry_dryrun_001,0.0500,0.051130,/robot_1/odom,0.041529,0.050000,8.471196,50.000000,1,0,1.129534,18.899075,26.384720,29.200000,false,,"{""safety_stop"":false,""reason"":""nominal_shadow_runtime_dryrun""}",41.588211,30.057869,614.200000,1885.000000,nominal_no_throttle,synthetic://runtime_telemetry_dryrun_no_bag,synthetic_runtime_telemetry_dryrun
synthetic_runtime_telemetry_dryrun_001,0.0500,0.051130,/robot_1/detections_raw,0.040946,0.050000,9.054294,50.000000,1,0,1.129534,18.899075,26.384720,29.200000,false,,"{""safety_stop"":false,""reason"":""nominal_shadow_runtime_dryrun""}",41.588211,30.057869,614.200000,1885.000000,nominal_no_throttle,synthetic://runtime_telemetry_dryrun_no_bag,synthetic_runtime_telemetry_dryrun
synthetic_runtime_telemetry_dryrun_001,0.0500,0.051130,/robot_1/detections_faulty,0.040422,0.050000,9.578059,50.000000,1,0,1.129534,18.899075,26.384720,29.200000,false,,"{""safety_stop"":false,""reason"":""nominal_shadow_runtime_dryrun""}",41.588211,30.057869,614.200000,1885.000000,nominal_no_throttle,synthetic://runtime_telemetry_dryrun_no_bag,synthetic_runtime_telemetry_dryrun
synthetic_runtime_telemetry_dryrun_001,0.0500,0.051130,/robot_1/qgip/selected_leader,0.039971,0.050000,10.028578,50.000000,1,0,1.129534,18.899075,26.384720,29.200000,false,,"{""safety_stop"":false,""reason"":""nominal_shadow_runtime_dryrun""}",41.588211,30.057869,614.200000,1885.000000,nominal_no_throttle,synthetic://runtime_telemetry_dryrun_no_bag,synthetic_runtime_telemetry_dryrun
synthetic_runtime_telemetry_dryrun_001,0.0500,0.051130,/robot_1/qgip/pop_state,0.039604,0.050000,10.396493,50.000000,1,0,1.129534,18.899075,26.384720,29.200000,false,,"{""safety_stop"":false,""reason"":""nominal_shadow_runtime_dryrun""}",41.588211,30.057869,614.200000,1885.000000,nominal_no_throttle,synthetic://runtime_telemetry_dryrun_no_bag,synthetic_runtime_telemetry_dryrun
synthetic_runtime_telemetry_dryrun_001,0.0500,0.051130,/robot_1/qgip/mpc_debug,0.039322,0.050000,10.677580,50.000000,1,0,1.129534,18.899075,26.384720,29.200000,false,,"{""safety_stop"":false,""reason"":""nominal_shadow_runtime_dryrun""}",41.588211,30.057869,614.200000,1885.000000,nominal_no_throttle,synthetic://runtime_telemetry_dryrun_no_bag,synthetic_runtime_telemetry_dryrun
synthetic_runtime_telemetry_dryrun_001,0.0500,0.051130,/robot_1/cmd_vel_safe,0.039127,0.050000,10.873016,50.000000,1,0,1.129534,18.899075,26.384720,29.200000,false,,"{""safety_stop"":false,""reason"":""nominal_shadow_runtime_dryrun""}",41.588211,30.057869,614.200000,1885.000000,nominal_no_throttle,synthetic://runtime_telemetry_dryrun_no_bag,synthetic_runtime_telemetry_dryrun
synthetic_runtime_telemetry_dryrun_001,0.0500,0.051130,/robot_1/safety_state,0.039011,0.050000,10.989302,50.000000,1,0,1.129534,18.899075,26.384720,29.200000,false,,"{""safety_stop"":false,""reason"":""nominal_shadow_runtime_dryrun""}",41.588211,30.057869,614.200000,1885.000000,nominal_no_throttle,synthetic://runtime_telemetry_dryrun_no_bag,synthetic_runtime_telemetry_dryrun
synthetic_runtime_telemetry_dryrun_001,0.0500,0.051130,system_monitor,0.038962,0.050000,11.037861,50.000000,1,0,1.129534,18.899075,26.384720,29.200000,false,,"{""safety_stop"":false,""reason"":""nominal_shadow_runtime_dryrun""}",41.588211,30.057869,614.200000,1885.000000,nominal_no_throttle,synthetic://runtime_telemetry_dryrun_no_bag,synthetic_runtime_telemetry_dryrun
synthetic_runtime_telemetry_dryrun_001,0.1000,0.101256,/tf,0.091829,0.100000,8.171196,50.000000,2,0,1.256296,19.792634,27.239191,30.400000,false,,"{""safety_stop"":false,""reason"":""nominal_shadow_runtime_dryrun""}",42.149001,30.172565,616.400000,1890.000000,nominal_no_throttle,synthetic://runtime_telemetry_dryrun_no_bag,synthetic_runtime_telemetry_dryrun
synthetic_runtime_telemetry_dryrun_001,0.1000,0.101256,/robot_1/odom,0.091246,0.100000,8.754294,50.000000,2,0,1.256296,19.792634,27.239191,30.400000,false,,"{""safety_stop"":false,""reason"":""nominal_shadow_runtime_dryrun""}",42.149001,30.172565,616.400000,1890.000000,nominal_no_throttle,synthetic://runtime_telemetry_dryrun_no_bag,synthetic_runtime_telemetry_dryrun
synthetic_runtime_telemetry_dryrun_001,0.1000,0.101256,/robot_1/detections_raw,0.090722,0.100000,9.278059,50.000000,2,0,1.256296,19.792634,27.239191,30.400000,false,,"{""safety_stop"":false,""reason"":""nominal_shadow_runtime_dryrun""}",42.149001,30.172565,616.400000,1890.000000,nominal_no_throttle,synthetic://runtime_telemetry_dryrun_no_bag,synthetic_runtime_telemetry_dryrun
synthetic_runtime_telemetry_dryrun_001,0.1000,0.101256,/robot_1/detections_faulty,0.090271,0.100000,9.728578,50.000000,2,0,1.256296,19.792634,27.239191,30.400000,false,,"{""safety_stop"":false,""reason"":""nominal_shadow_runtime_dryrun""}",42.149001,30.172565,616.400000,1890.000000,nominal_no_throttle,synthetic://runtime_telemetry_dryrun_no_bag,synthetic_runtime_telemetry_dryrun
synthetic_runtime_telemetry_dryrun_001,0.1000,0.101256,/robot_1/qgip/selected_leader,0.089904,0.100000,10.096493,50.000000,2,0,1.256296,19.792634,27.239191,30.400000,false,,"{""safety_stop"":false,""reason"":""nominal_shadow_runtime_dryrun""}",42.149001,30.172565,616.400000,1890.000000,nominal_no_throttle,synthetic://runtime_telemetry_dryrun_no_bag,synthetic_runtime_telemetry_dryrun
synthetic_runtime_telemetry_dryrun_001,0.1000,0.101256,/robot_1/qgip/pop_state,0.089622,0.100000,10.377580,50.000000,2,0,1.256296,19.792634,27.239191,30.400000,false,,"{""safety_stop"":false,""reason"":""nominal_shadow_runtime_dryrun""}",42.149001,30.172565,616.400000,1890.000000,nominal_no_throttle,synthetic://runtime_telemetry_dryrun_no_bag,synthetic_runtime_telemetry_dryrun
synthetic_runtime_telemetry_dryrun_001,0.1000,0.101256,/robot_1/qgip/mpc_debug,0.089427,0.100000,10.573016,50.000000,2,0,1.256296,19.792634,27.239191,30.400000,false,,"{""safety_stop"":false,""reason"":""nominal_shadow_runtime_dryrun""}",42.149001,30.172565,616.400000,1890.000000,nominal_no_throttle,synthetic://runtime_telemetry_dryrun_no_bag,synthetic_runtime_telemetry_dryrun
synthetic_runtime_telemetry_dryrun_001,0.1000,0.101256,/robot_1/cmd_vel_safe,0.089311,0.100000,10.689302,50.000000,2,0,1.256296,19.792634,27.239191,30.400000,false,,"{""safety_stop"":false,""reason"":""nominal_shadow_runtime_dryrun""}",42.149001,30.172565,616.400000,1890.000000,nominal_no_throttle,synthetic://runtime_telemetry_dryrun_no_bag,synthetic_runtime_telemetry_dryrun
synthetic_runtime_telemetry_dryrun_001,0.1000,0.101256,/robot_1/safety_state,0.089262,0.100000,10.737861,50.000000,2,0,1.256296,19.792634,27.239191,30.400000,false,,"{""safety_stop"":false,""reason"":""nominal_shadow_runtime_dryrun""}",42.149001,30.172565,616.400000,1890.000000,nominal_no_throttle,synthetic://runtime_telemetry_dryrun_no_bag,synthetic_runtime_telemetry_dryrun
synthetic_runtime_telemetry_dryrun_001,0.1000,0.101256,system_monitor,0.089266,0.100000,10.734325,50.000000,2,0,1.256296,19.792634,27.239191,30.400000,false,,"{""safety_stop"":false,""reason"":""nominal_shadow_runtime_dryrun""}",42.149001,30.172565,616.400000,1890.000000,nominal_no_throttle,synthetic://runtime_telemetry_dryrun_no_bag,synthetic_runtime_telemetry_dryrun
synthetic_runtime_telemetry_dryrun_001,0.1500,0.151378,/tf,0.141546,0.150000,8.454294,50.000000,3,0,1.377625,20.675311,28.064341,31.600000,false,,"{""safety_stop"":false,""reason"":""nominal_shadow_runtime_dryrun""}",42.657170,30.247299,618.600000,1895.000000,nominal_no_throttle,synthetic://runtime_telemetry_dryrun_no_bag,synthetic_runtime_telemetry_dryrun
synthetic_runtime_telemetry_dryrun_001,0.1500,0.151378,/robot_1/odom,0.141022,0.150000,8.978059,50.000000,3,0,1.377625,20.675311,28.064341,31.600000,false,,"{""safety_stop"":false,""reason"":""nominal_shadow_runtime_dryrun""}",42.657170,30.247299,618.600000,1895.000000,nominal_no_throttle,synthetic://runtime_telemetry_dryrun_no_bag,synthetic_runtime_telemetry_dryrun
synthetic_runtime_telemetry_dryrun_001,0.1500,0.151378,/robot_1/detections_raw,0.140571,0.150000,9.428578,50.000000,3,0,1.377625,20.675311,28.064341,31.600000,false,,"{""safety_stop"":false,""reason"":""nominal_shadow_runtime_dryrun""}",42.657170,30.247299,618.600000,1895.000000,nominal_no_throttle,synthetic://runtime_telemetry_dryrun_no_bag,synthetic_runtime_telemetry_dryrun
synthetic_runtime_telemetry_dryrun_001,0.1500,0.151378,/robot_1/detections_faulty,0.140204,0.150000,9.796493,50.000000,3,0,1.377625,20.675311,28.064341,31.600000,false,,"{""safety_stop"":false,""reason"":""nominal_shadow_runtime_dryrun""}",42.657170,30.247299,618.600000,1895.000000,nominal_no_throttle,synthetic://runtime_telemetry_dryrun_no_bag,synthetic_runtime_telemetry_dryrun
synthetic_runtime_telemetry_dryrun_001,0.1500,0.151378,/robot_1/qgip/selected_leader,0.139922,0.150000,10.077580,50.000000,3,0,1.377625,20.675311,28.064341,31.600000,false,,"{""safety_stop"":false,""reason"":""nominal_shadow_runtime_dryrun""}",42.657170,30.247299,618.600000,1895.000000,nominal_no_throttle,synthetic://runtime_telemetry_dryrun_no_bag,synthetic_runtime_telemetry_dryrun
synthetic_runtime_telemetry_dryrun_001,0.1500,0.151378,/robot_1/qgip/pop_state,0.139727,0.150000,10.273016,50.000000,3,0,1.377625,20.675311,28.064341,31.600000,false,,"{""safety_stop"":false,""reason"":""nominal_shadow_runtime_dryrun""}",42.657170,30.247299,618.600000,1895.000000,nominal_no_throttle,synthetic://runtime_telemetry_dryrun_no_bag,synthetic_runtime_telemetry_dryrun
synthetic_runtime_telemetry_dryrun_001,0.1500,0.151378,/robot_1/qgip/mpc_debug,0.139611,0.150000,10.389302,50.000000,3,0,1.377625,20.675311,28.064341,31.600000,false,,"{""safety_stop"":false,""reason"":""nominal_shadow_runtime_dryrun""}",42.657170,30.247299,618.600000,1895.000000,nominal_no_throttle,synthetic://runtime_telemetry_dryrun_no_bag,synthetic_runtime_telemetry_dryrun
synthetic_runtime_telemetry_dryrun_001,0.1500,0.151378,/robot_1/cmd_vel_safe,0.139562,0.150000,10.437861,50.000000,3,0,1.377625,20.675311,28.064341,31.600000,false,,"{""safety_stop"":false,""reason"":""nominal_shadow_runtime_dryrun""}",42.657170,30.247299,618.600000,1895.000000,nominal_no_throttle,synthetic://runtime_telemetry_dryrun_no_bag,synthetic_runtime_telemetry_dryrun
synthetic_runtime_telemetry_dryrun_001,0.1500,0.151378,/robot_1/safety_state,0.139566,0.150000,10.434325,50.000000,3,0,1.377625,20.675311,28.064341,31.600000,false,,"{""safety_stop"":false,""reason"":""nominal_shadow_runtime_dryrun""}",42.657170,30.247299,618.600000,1895.000000,nominal_no_throttle,synthetic://runtime_telemetry_dryrun_no_bag,synthetic_runtime_telemetry_dryrun
synthetic_runtime_telemetry_dryrun_001,0.1500,0.151378,system_monitor,0.139602,0.150000,10.397568,50.000000,3,0,1.377625,20.675311,28.064341,31.600000,false,,"{""safety_stop"":false,""reason"":""nominal_shadow_runtime_dryrun""}",42.657170,30.247299,618.600000,1895.000000,nominal_no_throttle,synthetic://runtime_telemetry_dryrun_no_bag,synthetic_runtime_telemetry_dryrun
synthetic_runtime_telemetry_dryrun_001,0.2000,0.201491,/tf,0.191322,0.200000,8.678059,50.000000,4,0,1.491075,21.542044,28.861694,32.800000,false,,"{""safety_stop"":false,""reason"":""nominal_shadow_runtime_dryrun""}",43.091787,30.287248,620.800000,1900.000000,nominal_no_throttle,synthetic://runtime_telemetry_dryrun_no_bag,synthetic_runtime_telemetry_dryrun
synthetic_runtime_telemetry_dryrun_001,0.2000,0.201491,/robot_1/odom,0.190871,0.200000,9.128578,50.000000,4,0,1.491075,21.542044,28.861694,32.800000,false,,"{""safety_stop"":false,""reason"":""nominal_shadow_runtime_dryrun""}",43.091787,30.287248,620.800000,1900.000000,nominal_no_throttle,synthetic://runtime_telemetry_dryrun_no_bag,synthetic_runtime_telemetry_dryrun
synthetic_runtime_telemetry_dryrun_001,0.2000,0.201491,/robot_1/detections_raw,0.190504,0.200000,9.496493,50.000000,4,0,1.491075,21.542044,28.861694,32.800000,false,,"{""safety_stop"":false,""reason"":""nominal_shadow_runtime_dryrun""}",43.091787,30.287248,620.800000,1900.000000,nominal_no_throttle,synthetic://runtime_telemetry_dryrun_no_bag,synthetic_runtime_telemetry_dryrun
synthetic_runtime_telemetry_dryrun_001,0.2000,0.201491,/robot_1/detections_faulty,0.190222,0.200000,9.777580,50.000000,4,0,1.491075,21.542044,28.861694,32.800000,false,,"{""safety_stop"":false,""reason"":""nominal_shadow_runtime_dryrun""}",43.091787,30.287248,620.800000,1900.000000,nominal_no_throttle,synthetic://runtime_telemetry_dryrun_no_bag,synthetic_runtime_telemetry_dryrun
synthetic_runtime_telemetry_dryrun_001,0.2000,0.201491,/robot_1/qgip/selected_leader,0.190027,0.200000,9.973016,50.000000,4,0,1.491075,21.542044,28.861694,32.800000,false,,"{""safety_stop"":false,""reason"":""nominal_shadow_runtime_dryrun""}",43.091787,30.287248,620.800000,1900.000000,nominal_no_throttle,synthetic://runtime_telemetry_dryrun_no_bag,synthetic_runtime_telemetry_dryrun
synthetic_runtime_telemetry_dryrun_001,0.2000,0.201491,/robot_1/qgip/pop_state,0.189911,0.200000,10.089302,50.000000,4,0,1.491075,21.542044,28.861694,32.800000,false,,"{""safety_stop"":false,""reason"":""nominal_shadow_runtime_dryrun""}",43.091787,30.287248,620.800000,1900.000000,nominal_no_throttle,synthetic://runtime_telemetry_dryrun_no_bag,synthetic_runtime_telemetry_dryrun
synthetic_runtime_telemetry_dryrun_001,0.2000,0.201491,/robot_1/qgip/mpc_debug,0.189862,0.200000,10.137861,50.000000,4,0,1.491075,21.542044,28.861694,32.800000,false,,"{""safety_stop"":false,""reason"":""nominal_shadow_runtime_dryrun""}",43.091787,30.287248,620.800000,1900.000000,nominal_no_throttle,synthetic://runtime_telemetry_dryrun_no_bag,synthetic_runtime_telemetry_dryrun
synthetic_runtime_telemetry_dryrun_001,0.2000,0.201491,/robot_1/cmd_vel_safe,0.189866,0.200000,10.134325,50.000000,4,0,1.491075,21.542044,28.861694,32.800000,false,,"{""safety_stop"":false,""reason"":""nominal_shadow_runtime_dryrun""}",43.091787,30.287248,620.800000,1900.000000,nominal_no_throttle,synthetic://runtime_telemetry_dryrun_no_bag,synthetic_runtime_telemetry_dryrun
synthetic_runtime_telemetry_dryrun_001,0.2000,0.201491,/robot_1/safety_state,0.189902,0.200000,10.097568,50.000000,4,0,1.491075,21.542044,28.861694,32.800000,false,,"{""safety_stop"":false,""reason"":""nominal_shadow_runtime_dryrun""}",43.091787,30.287248,620.800000,1900.000000,nominal_no_throttle,synthetic://runtime_telemetry_dryrun_no_bag,synthetic_runtime_telemetry_dryrun
synthetic_runtime_telemetry_dryrun_001,0.2000,0.201491,system_monitor,0.189951,0.200000,10.048527,50.000000,4,0,1.491075,21.542044,28.861694,32.800000,false,,"{""safety_stop"":false,""reason"":""nominal_shadow_runtime_dryrun""}",43.091787,30.287248,620.800000,1900.000000,nominal_no_throttle,synthetic://runtime_telemetry_dryrun_no_bag,synthetic_runtime_telemetry_dryrun
synthetic_runtime_telemetry_dryrun_001,0.2500,0.251595,/tf,0.241171,0.250000,8.828578,50.000000,5,0,1.594515,22.388212,29.633342,34.000000,false,,"{""safety_stop"":false,""reason"":""nominal_shadow_runtime_dryrun""}",43.437884,30.299299,623.000000,1905.000000,nominal_no_throttle,synthetic://runtime_telemetry_dryrun_no_bag,synthetic_runtime_telemetry_dryrun
synthetic_runtime_telemetry_dryrun_001,0.2500,0.251595,/robot_1/odom,0.240804,0.250000,9.196493,50.000000,5,0,1.594515,22.388212,29.633342,34.000000,false,,"{""safety_stop"":false,""reason"":""nominal_shadow_runtime_dryrun""}",43.437884,30.299299,623.000000,1905.000000,nominal_no_throttle,synthetic://runtime_telemetry_dryrun_no_bag,synthetic_runtime_telemetry_dryrun
synthetic_runtime_telemetry_dryrun_001,0.2500,0.251595,/robot_1/detections_raw,0.240522,0.250000,9.477580,50.000000,5,0,1.594515,22.388212,29.633342,34.000000,false,,"{""safety_stop"":false,""reason"":""nominal_shadow_runtime_dryrun""}",43.437884,30.299299,623.000000,1905.000000,nominal_no_throttle,synthetic://runtime_telemetry_dryrun_no_bag,synthetic_runtime_telemetry_dryrun
synthetic_runtime_telemetry_dryrun_001,0.2500,0.251595,/robot_1/detections_faulty,0.240327,0.250000,9.673016,50.000000,5,0,1.594515,22.388212,29.633342,34.000000,false,,"{""safety_stop"":false,""reason"":""nominal_shadow_runtime_dryrun""}",43.437884,30.299299,623.000000,1905.000000,nominal_no_throttle,synthetic://runtime_telemetry_dryrun_no_bag,synthetic_runtime_telemetry_dryrun
synthetic_runtime_telemetry_dryrun_001,0.2500,0.251595,/robot_1/qgip/selected_leader,0.240211,0.250000,9.789302,50.000000,5,0,1.594515,22.388212,29.633342,34.000000,false,,"{""safety_stop"":false,""reason"":""nominal_shadow_runtime_dryrun""}",43.437884,30.299299,623.000000,1905.000000,nominal_no_throttle,synthetic://runtime_telemetry_dryrun_no_bag,synthetic_runtime_telemetry_dryrun
synthetic_runtime_telemetry_dryrun_001,0.2500,0.251595,/robot_1/qgip/pop_state,0.240162,0.250000,9.837861,50.000000,5,0,1.594515,22.388212,29.633342,34.000000,false,,"{""safety_stop"":false,""reason"":""nominal_shadow_runtime_dryrun""}",43.437884,30.299299,623.000000,1905.000000,nominal_no_throttle,synthetic://runtime_telemetry_dryrun_no_bag,synthetic_runtime_telemetry_dryrun
synthetic_runtime_telemetry_dryrun_001,0.2500,0.251595,/robot_1/qgip/mpc_debug,0.240166,0.250000,9.834325,50.000000,5,0,1.594515,22.388212,29.633342,34.000000,false,,"{""safety_stop"":false,""reason"":""nominal_shadow_runtime_dryrun""}",43.437884,30.299299,623.000000,1905.000000,nominal_no_throttle,synthetic://runtime_telemetry_dryrun_no_bag,synthetic_runtime_telemetry_dryrun
synthetic_runtime_telemetry_dryrun_001,0.2500,0.251595,/robot_1/cmd_vel_safe,0.240202,0.250000,9.797568,50.000000,5,0,1.594515,22.388212,29.633342,34.000000,false,,"{""safety_stop"":false,""reason"":""nominal_shadow_runtime_dryrun""}",43.437884,30.299299,623.000000,1905.000000,nominal_no_throttle,synthetic://runtime_telemetry_dryrun_no_bag,synthetic_runtime_telemetry_dryrun
synthetic_runtime_telemetry_dryrun_001,0.2500,0.251595,/robot_1/safety_state,0.240251,0.250000,9.748527,50.000000,5,0,1.594515,22.388212,29.633342,34.000000,false,,"{""safety_stop"":false,""reason"":""nominal_shadow_runtime_dryrun""}",43.437884,30.299299,623.000000,1905.000000,nominal_no_throttle,synthetic://runtime_telemetry_dryrun_no_bag,synthetic_runtime_telemetry_dryrun
synthetic_runtime_telemetry_dryrun_001,0.2500,0.251595,system_monitor,0.240291,0.250000,9.708903,50.000000,5,0,1.594515,22.388212,29.633342,34.000000,false,,"{""safety_stop"":false,""reason"":""nominal_shadow_runtime_dryrun""}",43.437884,30.299299,623.000000,1905.000000,nominal_no_throttle,synthetic://runtime_telemetry_dryrun_no_bag,synthetic_runtime_telemetry_dryrun
synthetic_runtime_telemetry_dryrun_001,0.3000,0.301686,/tf,0.291104,0.300000,8.896493,50.000000,6,0,1.686214,23.209765,30.381900,35.200000,false,,"{""safety_stop"":false,""reason"":""nominal_shadow_runtime_dryrun""}",43.687668,30.291714,625.200000,1910.000000,nominal_no_throttle,synthetic://runtime_telemetry_dryrun_no_bag,synthetic_runtime_telemetry_dryrun
synthetic_runtime_telemetry_dryrun_001,0.3000,0.301686,/robot_1/odom,0.290822,0.300000,9.177580,50.000000,6,0,1.686214,23.209765,30.381900,35.200000,false,,"{""safety_stop"":false,""reason"":""nominal_shadow_runtime_dryrun""}",43.687668,30.291714,625.200000,1910.000000,nominal_no_throttle,synthetic://runtime_telemetry_dryrun_no_bag,synthetic_runtime_telemetry_dryrun
synthetic_runtime_telemetry_dryrun_001,0.3000,0.301686,/robot_1/detections_raw,0.290627,0.300000,9.373016,50.000000,6,0,1.686214,23.209765,30.381900,35.200000,false,,"{""safety_stop"":false,""reason"":""nominal_shadow_runtime_dryrun""}",43.687668,30.291714,625.200000,1910.000000,nominal_no_throttle,synthetic://runtime_telemetry_dryrun_no_bag,synthetic_runtime_telemetry_dryrun
synthetic_runtime_telemetry_dryrun_001,0.3000,0.301686,/robot_1/detections_faulty,0.290511,0.300000,9.489302,50.000000,6,0,1.686214,23.209765,30.381900,35.200000,false,,"{""safety_stop"":false,""reason"":""nominal_shadow_runtime_dryrun""}",43.687668,30.291714,625.200000,1910.000000,nominal_no_throttle,synthetic://runtime_telemetry_dryrun_no_bag,synthetic_runtime_telemetry_dryrun
synthetic_runtime_telemetry_dryrun_001,0.3000,0.301686,/robot_1/qgip/selected_leader,0.290462,0.300000,9.537861,50.000000,6,0,1.686214,23.209765,30.381900,35.200000,false,,"{""safety_stop"":false,""reason"":""nominal_shadow_runtime_dryrun""}",43.687668,30.291714,625.200000,1910.000000,nominal_no_throttle,synthetic://runtime_telemetry_dryrun_no_bag,synthetic_runtime_telemetry_dryrun
synthetic_runtime_telemetry_dryrun_001,0.3000,0.301686,/robot_1/qgip/pop_state,0.290466,0.300000,9.534325,50.000000,6,0,1.686214,23.209765,30.381900,35.200000,false,,"{""safety_stop"":false,""reason"":""nominal_shadow_runtime_dryrun""}",43.687668,30.291714,625.200000,1910.000000,nominal_no_throttle,synthetic://runtime_telemetry_dryrun_no_bag,synthetic_runtime_telemetry_dryrun
synthetic_runtime_telemetry_dryrun_001,0.3000,0.301686,/robot_1/qgip/mpc_debug,0.290502,0.300000,9.497568,50.000000,6,0,1.686214,23.209765,30.381900,35.200000,false,,"{""safety_stop"":false,""reason"":""nominal_shadow_runtime_dryrun""}",43.687668,30.291714,625.200000,1910.000000,nominal_no_throttle,synthetic://runtime_telemetry_dryrun_no_bag,synthetic_runtime_telemetry_dryrun
synthetic_runtime_telemetry_dryrun_001,0.3000,0.301686,/robot_1/cmd_vel_safe,0.290551,0.300000,9.448527,50.000000,6,0,1.686214,23.209765,30.381900,35.200000,false,,"{""safety_stop"":false,""reason"":""nominal_shadow_runtime_dryrun""}",43.687668,30.291714,625.200000,1910.000000,nominal_no_throttle,synthetic://runtime_telemetry_dryrun_no_bag,synthetic_runtime_telemetry_dryrun
synthetic_runtime_telemetry_dryrun_001,0.3000,0.301686,/robot_1/safety_state,0.290591,0.300000,9.408903,50.000000,6,0,1.686214,23.209765,30.381900,35.200000,false,,"{""safety_stop"":false,""reason"":""nominal_shadow_runtime_dryrun""}",43.687668,30.291714,625.200000,1910.000000,nominal_no_throttle,synthetic://runtime_telemetry_dryrun_no_bag,synthetic_runtime_telemetry_dryrun
synthetic_runtime_telemetry_dryrun_001,0.3000,0.301686,system_monitor,0.290600,0.300000,9.399814,50.000000,6,0,1.686214,23.209765,30.381900,35.200000,false,,"{""safety_stop"":false,""reason"":""nominal_shadow_runtime_dryrun""}",43.687668,30.291714,625.200000,1910.000000,nominal_no_throttle,synthetic://runtime_telemetry_dryrun_no_bag,synthetic_runtime_telemetry_dryrun
synthetic_runtime_telemetry_dryrun_001,0.3500,0.351765,/tf,0.341122,0.350000,8.877580,50.000000,7,0,1.764907,24.003334,31.110453,36.400000,false,,"{""safety_stop"":false,""reason"":""nominal_shadow_runtime_dryrun""}",43.841157,30.273716,627.400000,1915.000000,nominal_no_throttle,synthetic://runtime_telemetry_dryrun_no_bag,synthetic_runtime_telemetry_dryrun
synthetic_runtime_telemetry_dryrun_001,0.3500,0.351765,/robot_1/odom,0.340927,0.350000,9.073016,50.000000,7,0,1.764907,24.003334,31.110453,36.400000,false,,"{""safety_stop"":false,""reason"":""nominal_shadow_runtime_dryrun""}",43.841157,30.273716,627.400000,1915.000000,nominal_no_throttle,synthetic://runtime_telemetry_dryrun_no_bag,synthetic_runtime_telemetry_dryrun
synthetic_runtime_telemetry_dryrun_001,0.3500,0.351765,/robot_1/detections_raw,0.340811,0.350000,9.189302,50.000000,7,0,1.764907,24.003334,31.110453,36.400000,false,,"{""safety_stop"":false,""reason"":""nominal_shadow_runtime_dryrun""}",43.841157,30.273716,627.400000,1915.000000,nominal_no_throttle,synthetic://runtime_telemetry_dryrun_no_bag,synthetic_runtime_telemetry_dryrun
synthetic_runtime_telemetry_dryrun_001,0.3500,0.351765,/robot_1/detections_faulty,0.340762,0.350000,9.237861,50.000000,7,0,1.764907,24.003334,31.110453,36.400000,false,,"{""safety_stop"":false,""reason"":""nominal_shadow_runtime_dryrun""}",43.841157,30.273716,627.400000,1915.000000,nominal_no_throttle,synthetic://runtime_telemetry_dryrun_no_bag,synthetic_runtime_telemetry_dryrun
synthetic_runtime_telemetry_dryrun_001,0.3500,0.351765,/robot_1/qgip/selected_leader,0.340766,0.350000,9.234325,50.000000,7,0,1.764907,24.003334,31.110453,36.400000,false,,"{""safety_stop"":false,""reason"":""nominal_shadow_runtime_dryrun""}",43.841157,30.273716,627.400000,1915.000000,nominal_no_throttle,synthetic://runtime_telemetry_dryrun_no_bag,synthetic_runtime_telemetry_dryrun
synthetic_runtime_telemetry_dryrun_001,0.3500,0.351765,/robot_1/qgip/pop_state,0.340802,0.350000,9.197568,50.000000,7,0,1.764907,24.003334,31.110453,36.400000,false,,"{""safety_stop"":false,""reason"":""nominal_shadow_runtime_dryrun""}",43.841157,30.273716,627.400000,1915.000000,nominal_no_throttle,synthetic://runtime_telemetry_dryrun_no_bag,synthetic_runtime_telemetry_dryrun
synthetic_runtime_telemetry_dryrun_001,0.3500,0.351765,/robot_1/qgip/mpc_debug,0.340851,0.350000,9.148527,50.000000,7,0,1.764907,24.003334,31.110453,36.400000,false,,"{""safety_stop"":false,""reason"":""nominal_shadow_runtime_dryrun""}",43.841157,30.273716,627.400000,1915.000000,nominal_no_throttle,synthetic://runtime_telemetry_dryrun_no_bag,synthetic_runtime_telemetry_dryrun
synthetic_runtime_telemetry_dryrun_001,0.3500,0.351765,/robot_1/cmd_vel_safe,0.340891,0.350000,9.108903,50.000000,7,0,1.764907,24.003334,31.110453,36.400000,false,,"{""safety_stop"":false,""reason"":""nominal_shadow_runtime_dryrun""}",43.841157,30.273716,627.400000,1915.000000,nominal_no_throttle,synthetic://runtime_telemetry_dryrun_no_bag,synthetic_runtime_telemetry_dryrun
synthetic_runtime_telemetry_dryrun_001,0.3500,0.351765,/robot_1/safety_state,0.340900,0.350000,9.099814,50.000000,7,0,1.764907,24.003334,31.110453,36.400000,false,,"{""safety_stop"":false,""reason"":""nominal_shadow_runtime_dryrun""}",43.841157,30.273716,627.400000,1915.000000,nominal_no_throttle,synthetic://runtime_telemetry_dryrun_no_bag,synthetic_runtime_telemetry_dryrun
synthetic_runtime_telemetry_dryrun_001,0.3500,0.351765,system_monitor,0.340860,0.350000,9.140477,50.000000,7,0,1.764907,24.003334,31.110453,36.400000,false,,"{""safety_stop"":false,""reason"":""nominal_shadow_runtime_dryrun""}",43.841157,30.273716,627.400000,1915.000000,nominal_no_throttle,synthetic://runtime_telemetry_dryrun_no_bag,synthetic_runtime_telemetry_dryrun
synthetic_runtime_telemetry_dryrun_001,0.4000,0.401830,/tf,0.391227,0.400000,8.773016,50.000000,8,0,1.829851,24.766325,31.822495,37.600000,false,,"{""safety_stop"":false,""reason"":""nominal_shadow_runtime_dryrun""}",43.906176,30.255044,629.600000,1920.000000,nominal_no_throttle,synthetic://runtime_telemetry_dryrun_no_bag,synthetic_runtime_telemetry_dryrun
synthetic_runtime_telemetry_dryrun_001,0.4000,0.401830,/robot_1/odom,0.391111,0.400000,8.889302,50.000000,8,0,1.829851,24.766325,31.822495,37.600000,false,,"{""safety_stop"":false,""reason"":""nominal_shadow_runtime_dryrun""}",43.906176,30.255044,629.600000,1920.000000,nominal_no_throttle,synthetic://runtime_telemetry_dryrun_no_bag,synthetic_runtime_telemetry_dryrun
synthetic_runtime_telemetry_dryrun_001,0.4000,0.401830,/robot_1/detections_raw,0.391062,0.400000,8.937861,50.000000,8,0,1.829851,24.766325,31.822495,37.600000,false,,"{""safety_stop"":false,""reason"":""nominal_shadow_runtime_dryrun""}",43.906176,30.255044,629.600000,1920.000000,nominal_no_throttle,synthetic://runtime_telemetry_dryrun_no_bag,synthetic_runtime_telemetry_dryrun
synthetic_runtime_telemetry_dryrun_001,0.4000,0.401830,/robot_1/detections_faulty,0.391066,0.400000,8.934325,50.000000,8,0,1.829851,24.766325,31.822495,37.600000,false,,"{""safety_stop"":false,""reason"":""nominal_shadow_runtime_dryrun""}",43.906176,30.255044,629.600000,1920.000000,nominal_no_throttle,synthetic://runtime_telemetry_dryrun_no_bag,synthetic_runtime_telemetry_dryrun
synthetic_runtime_telemetry_dryrun_001,0.4000,0.401830,/robot_1/qgip/selected_leader,0.391102,0.400000,8.897568,50.000000,8,0,1.829851,24.766325,31.822495,37.600000,false,,"{""safety_stop"":false,""reason"":""nominal_shadow_runtime_dryrun""}",43.906176,30.255044,629.600000,1920.000000,nominal_no_throttle,synthetic://runtime_telemetry_dryrun_no_bag,synthetic_runtime_telemetry_dryrun
synthetic_runtime_telemetry_dryrun_001,0.4000,0.401830,/robot_1/qgip/pop_state,0.391151,0.400000,8.848527,50.000000,8,0,1.829851,24.766325,31.822495,37.600000,false,,"{""safety_stop"":false,""reason"":""nominal_shadow_runtime_dryrun""}",43.906176,30.255044,629.600000,1920.000000,nominal_no_throttle,synthetic://runtime_telemetry_dryrun_no_bag,synthetic_runtime_telemetry_dryrun
synthetic_runtime_telemetry_dryrun_001,0.4000,0.401830,/robot_1/qgip/mpc_debug,0.391191,0.400000,8.808903,50.000000,8,0,1.829851,24.766325,31.822495,37.600000,false,,"{""safety_stop"":false,""reason"":""nominal_shadow_runtime_dryrun""}",43.906176,30.255044,629.600000,1920.000000,nominal_no_throttle,synthetic://runtime_telemetry_dryrun_no_bag,synthetic_runtime_telemetry_dryrun
synthetic_runtime_telemetry_dryrun_001,0.4000,0.401830,/robot_1/cmd_vel_safe,0.391200,0.400000,8.799814,50.000000,8,0,1.829851,24.766325,31.822495,37.600000,false,,"{""safety_stop"":false,""reason"":""nominal_shadow_runtime_dryrun""}",43.906176,30.255044,629.600000,1920.000000,nominal_no_throttle,synthetic://runtime_telemetry_dryrun_no_bag,synthetic_runtime_telemetry_dryrun
synthetic_runtime_telemetry_dryrun_001,0.4000,0.401830,/robot_1/safety_state,0.391160,0.400000,8.840477,50.000000,8,0,1.829851,24.766325,31.822495,37.600000,false,,"{""safety_stop"":false,""reason"":""nominal_shadow_runtime_dryrun""}",43.906176,30.255044,629.600000,1920.000000,nominal_no_throttle,synthetic://runtime_telemetry_dryrun_no_bag,synthetic_runtime_telemetry_dryrun
synthetic_runtime_telemetry_dryrun_001,0.4000,0.401830,system_monitor,0.391053,0.400000,8.947015,50.000000,8,0,1.829851,24.766325,31.822495,37.600000,false,,"{""safety_stop"":false,""reason"":""nominal_shadow_runtime_dryrun""}",43.906176,30.255044,629.600000,1920.000000,nominal_no_throttle,synthetic://runtime_telemetry_dryrun_no_bag,synthetic_runtime_telemetry_dryrun
synthetic_runtime_telemetry_dryrun_001,0.4500,0.451881,/tf,0.441411,0.450000,8.589302,50.000000,9,0,1.880847,25.496994,32.521854,38.800000,false,,"{""safety_stop"":false,""reason"":""nominal_shadow_runtime_dryrun""}",43.897724,30.245468,631.800000,1925.000000,nominal_no_throttle,synthetic://runtime_telemetry_dryrun_no_bag,synthetic_runtime_telemetry_dryrun
synthetic_runtime_telemetry_dryrun_001,0.4500,0.451881,/robot_1/odom,0.441362,0.450000,8.637861,50.000000,9,0,1.880847,25.496994,32.521854,38.800000,false,,"{""safety_stop"":false,""reason"":""nominal_shadow_runtime_dryrun""}",43.897724,30.245468,631.800000,1925.000000,nominal_no_throttle,synthetic://runtime_telemetry_dryrun_no_bag,synthetic_runtime_telemetry_dryrun
synthetic_runtime_telemetry_dryrun_001,0.4500,0.451881,/robot_1/detections_raw,0.441366,0.450000,8.634325,50.000000,9,0,1.880847,25.496994,32.521854,38.800000,false,,"{""safety_stop"":false,""reason"":""nominal_shadow_runtime_dryrun""}",43.897724,30.245468,631.800000,1925.000000,nominal_no_throttle,synthetic://runtime_telemetry_dryrun_no_bag,synthetic_runtime_telemetry_dryrun
synthetic_runtime_telemetry_dryrun_001,0.4500,0.451881,/robot_1/detections_faulty,0.441402,0.450000,8.597568,50.000000,9,0,1.880847,25.496994,32.521854,38.800000,false,,"{""safety_stop"":false,""reason"":""nominal_shadow_runtime_dryrun""}",43.897724,30.245468,631.800000,1925.000000,nominal_no_throttle,synthetic://runtime_telemetry_dryrun_no_bag,synthetic_runtime_telemetry_dryrun
synthetic_runtime_telemetry_dryrun_001,0.4500,0.451881,/robot_1/qgip/selected_leader,0.441451,0.450000,8.548527,50.000000,9,0,1.880847,25.496994,32.521854,38.800000,false,,"{""safety_stop"":false,""reason"":""nominal_shadow_runtime_dryrun""}",43.897724,30.245468,631.800000,1925.000000,nominal_no_throttle,synthetic://runtime_telemetry_dryrun_no_bag,synthetic_runtime_telemetry_dryrun
synthetic_runtime_telemetry_dryrun_001,0.4500,0.451881,/robot_1/qgip/pop_state,0.441491,0.450000,8.508903,50.000000,9,0,1.880847,25.496994,32.521854,38.800000,false,,"{""safety_stop"":false,""reason"":""nominal_shadow_runtime_dryrun""}",43.897724,30.245468,631.800000,1925.000000,nominal_no_throttle,synthetic://runtime_telemetry_dryrun_no_bag,synthetic_runtime_telemetry_dryrun
synthetic_runtime_telemetry_dryrun_001,0.4500,0.451881,/robot_1/qgip/mpc_debug,0.441500,0.450000,8.499814,50.000000,9,0,1.880847,25.496994,32.521854,38.800000,false,,"{""safety_stop"":false,""reason"":""nominal_shadow_runtime_dryrun""}",43.897724,30.245468,631.800000,1925.000000,nominal_no_throttle,synthetic://runtime_telemetry_dryrun_no_bag,synthetic_runtime_telemetry_dryrun
synthetic_runtime_telemetry_dryrun_001,0.4500,0.451881,/robot_1/cmd_vel_safe,0.441460,0.450000,8.540477,50.000000,9,0,1.880847,25.496994,32.521854,38.800000,false,,"{""safety_stop"":false,""reason"":""nominal_shadow_runtime_dryrun""}",43.897724,30.245468,631.800000,1925.000000,nominal_no_throttle,synthetic://runtime_telemetry_dryrun_no_bag,synthetic_runtime_telemetry_dryrun
synthetic_runtime_telemetry_dryrun_001,0.4500,0.451881,/robot_1/safety_state,0.441353,0.450000,8.647015,50.000000,9,0,1.880847,25.496994,32.521854,38.800000,false,,"{""safety_stop"":false,""reason"":""nominal_shadow_runtime_dryrun""}",43.897724,30.245468,631.800000,1925.000000,nominal_no_throttle,synthetic://runtime_telemetry_dryrun_no_bag,synthetic_runtime_telemetry_dryrun
synthetic_runtime_telemetry_dryrun_001,0.4500,0.451881,system_monitor,0.441169,0.450000,8.831458,50.000000,9,0,1.880847,25.496994,32.521854,38.800000,false,,"{""safety_stop"":false,""reason"":""nominal_shadow_runtime_dryrun""}",43.897724,30.245468,631.800000,1925.000000,nominal_no_throttle,synthetic://runtime_telemetry_dryrun_no_bag,synthetic_runtime_telemetry_dryrun
synthetic_runtime_telemetry_dryrun_001,0.5000,0.501918,/tf,0.491662,0.500000,8.337861,50.000000,10,0,1.918254,26.194490,33.212619,40.000000,false,,"{""safety_stop"":false,""reason"":""nominal_shadow_runtime_dryrun""}",43.836755,30.254311,634.000000,1930.000000,nominal_no_throttle,synthetic://runtime_telemetry_dryrun_no_bag,synthetic_runtime_telemetry_dryrun
synthetic_runtime_telemetry_dryrun_001,0.5000,0.501918,/robot_1/odom,0.491666,0.500000,8.334325,50.000000,10,0,1.918254,26.194490,33.212619,40.000000,false,,"{""safety_stop"":false,""reason"":""nominal_shadow_runtime_dryrun""}",43.836755,30.254311,634.000000,1930.000000,nominal_no_throttle,synthetic://runtime_telemetry_dryrun_no_bag,synthetic_runtime_telemetry_dryrun
synthetic_runtime_telemetry_dryrun_001,0.5000,0.501918,/robot_1/detections_raw,0.491702,0.500000,8.297568,50.000000,10,0,1.918254,26.194490,33.212619,40.000000,false,,"{""safety_stop"":false,""reason"":""nominal_shadow_runtime_dryrun""}",43.836755,30.254311,634.000000,1930.000000,nominal_no_throttle,synthetic://runtime_telemetry_dryrun_no_bag,synthetic_runtime_telemetry_dryrun
synthetic_runtime_telemetry_dryrun_001,0.5000,0.501918,/robot_1/detections_faulty,0.491751,0.500000,8.248527,50.000000,10,0,1.918254,26.194490,33.212619,40.000000,false,,"{""safety_stop"":false,""reason"":""nominal_shadow_runtime_dryrun""}",43.836755,30.254311,634.000000,1930.000000,nominal_no_throttle,synthetic://runtime_telemetry_dryrun_no_bag,synthetic_runtime_telemetry_dryrun
synthetic_runtime_telemetry_dryrun_001,0.5000,0.501918,/robot_1/qgip/selected_leader,0.491791,0.500000,8.208903,50.000000,10,0,1.918254,26.194490,33.212619,40.000000,false,,"{""safety_stop"":false,""reason"":""nominal_shadow_runtime_dryrun""}",43.836755,30.254311,634.000000,1930.000000,nominal_no_throttle,synthetic://runtime_telemetry_dryrun_no_bag,synthetic_runtime_telemetry_dryrun
synthetic_runtime_telemetry_dryrun_001,0.5000,0.501918,/robot_1/qgip/pop_state,0.491800,0.500000,8.199814,50.000000,10,0,1.918254,26.194490,33.212619,40.000000,false,,"{""safety_stop"":false,""reason"":""nominal_shadow_runtime_dryrun""}",43.836755,30.254311,634.000000,1930.000000,nominal_no_throttle,synthetic://runtime_telemetry_dryrun_no_bag,synthetic_runtime_telemetry_dryrun
synthetic_runtime_telemetry_dryrun_001,0.5000,0.501918,/robot_1/qgip/mpc_debug,0.491760,0.500000,8.240477,50.000000,10,0,1.918254,26.194490,33.212619,40.000000,false,,"{""safety_stop"":false,""reason"":""nominal_shadow_runtime_dryrun""}",43.836755,30.254311,634.000000,1930.000000,nominal_no_throttle,synthetic://runtime_telemetry_dryrun_no_bag,synthetic_runtime_telemetry_dryrun
synthetic_runtime_telemetry_dryrun_001,0.5000,0.501918,/robot_1/cmd_vel_safe,0.491653,0.500000,8.347015,50.000000,10,0,1.918254,26.194490,33.212619,40.000000,false,,"{""safety_stop"":false,""reason"":""nominal_shadow_runtime_dryrun""}",43.836755,30.254311,634.000000,1930.000000,nominal_no_throttle,synthetic://runtime_telemetry_dryrun_no_bag,synthetic_runtime_telemetry_dryrun
synthetic_runtime_telemetry_dryrun_001,0.5000,0.501918,/robot_1/safety_state,0.491469,0.500000,8.531458,50.000000,10,0,1.918254,26.194490,33.212619,40.000000,false,,"{""safety_stop"":false,""reason"":""nominal_shadow_runtime_dryrun""}",43.836755,30.254311,634.000000,1930.000000,nominal_no_throttle,synthetic://runtime_telemetry_dryrun_no_bag,synthetic_runtime_telemetry_dryrun
synthetic_runtime_telemetry_dryrun_001,0.5000,0.501918,system_monitor,0.491199,0.500000,8.800990,50.000000,10,0,1.918254,26.194490,33.212619,40.000000,false,,"{""safety_stop"":false,""reason"":""nominal_shadow_runtime_dryrun""}",43.836755,30.254311,634.000000,1930.000000,nominal_no_throttle,synthetic://runtime_telemetry_dryrun_no_bag,synthetic_runtime_telemetry_dryrun
synthetic_runtime_telemetry_dryrun_001,0.5500,0.551943,/tf,0.541966,0.550000,8.034325,50.000000,11,0,1.942974,26.858882,33.899052,41.200000,false,,"{""safety_stop"":false,""reason"":""nominal_shadow_runtime_dryrun""}",43.748483,30.289991,636.200000,1935.000000,nominal_no_throttle,synthetic://runtime_telemetry_dryrun_no_bag,synthetic_runtime_telemetry_dryrun
synthetic_runtime_telemetry_dryrun_001,0.5500,0.551943,/robot_1/odom,0.542002,0.550000,7.997568,50.000000,11,0,1.942974,26.858882,33.899052,41.200000,false,,"{""safety_stop"":false,""reason"":""nominal_shadow_runtime_dryrun""}",43.748483,30.289991,636.200000,1935.000000,nominal_no_throttle,synthetic://runtime_telemetry_dryrun_no_bag,synthetic_runtime_telemetry_dryrun
synthetic_runtime_telemetry_dryrun_001,0.5500,0.551943,/robot_1/detections_raw,0.542051,0.550000,7.948527,50.000000,11,0,1.942974,26.858882,33.899052,41.200000,false,,"{""safety_stop"":false,""reason"":""nominal_shadow_runtime_dryrun""}",43.748483,30.289991,636.200000,1935.000000,nominal_no_throttle,synthetic://runtime_telemetry_dryrun_no_bag,synthetic_runtime_telemetry_dryrun
synthetic_runtime_telemetry_dryrun_001,0.5500,0.551943,/robot_1/detections_faulty,0.542091,0.550000,7.908903,50.000000,11,0,1.942974,26.858882,33.899052,41.200000,false,,"{""safety_stop"":false,""reason"":""nominal_shadow_runtime_dryrun""}",43.748483,30.289991,636.200000,1935.000000,nominal_no_throttle,synthetic://runtime_telemetry_dryrun_no_bag,synthetic_runtime_telemetry_dryrun
synthetic_runtime_telemetry_dryrun_001,0.5500,0.551943,/robot_1/qgip/selected_leader,0.542100,0.550000,7.899814,50.000000,11,0,1.942974,26.858882,33.899052,41.200000,false,,"{""safety_stop"":false,""reason"":""nominal_shadow_runtime_dryrun""}",43.748483,30.289991,636.200000,1935.000000,nominal_no_throttle,synthetic://runtime_telemetry_dryrun_no_bag,synthetic_runtime_telemetry_dryrun
synthetic_runtime_telemetry_dryrun_001,0.5500,0.551943,/robot_1/qgip/pop_state,0.542060,0.550000,7.940477,50.000000,11,0,1.942974,26.858882,33.899052,41.200000,false,,"{""safety_stop"":false,""reason"":""nominal_shadow_runtime_dryrun""}",43.748483,30.289991,636.200000,1935.000000,nominal_no_throttle,synthetic://runtime_telemetry_dryrun_no_bag,synthetic_runtime_telemetry_dryrun
synthetic_runtime_telemetry_dryrun_001,0.5500,0.551943,/robot_1/qgip/mpc_debug,0.541953,0.550000,8.047015,50.000000,11,0,1.942974,26.858882,33.899052,41.200000,false,,"{""safety_stop"":false,""reason"":""nominal_shadow_runtime_dryrun""}",43.748483,30.289991,636.200000,1935.000000,nominal_no_throttle,synthetic://runtime_telemetry_dryrun_no_bag,synthetic_runtime_telemetry_dryrun
synthetic_runtime_telemetry_dryrun_001,0.5500,0.551943,/robot_1/cmd_vel_safe,0.541769,0.550000,8.231458,50.000000,11,0,1.942974,26.858882,33.899052,41.200000,false,,"{""safety_stop"":false,""reason"":""nominal_shadow_runtime_dryrun""}",43.748483,30.289991,636.200000,1935.000000,nominal_no_throttle,synthetic://runtime_telemetry_dryrun_no_bag,synthetic_runtime_telemetry_dryrun
synthetic_runtime_telemetry_dryrun_001,0.5500,0.551943,/robot_1/safety_state,0.541499,0.550000,8.500990,50.000000,11,0,1.942974,26.858882,33.899052,41.200000,false,,"{""safety_stop"":false,""reason"":""nominal_shadow_runtime_dryrun""}",43.748483,30.289991,636.200000,1935.000000,nominal_no_throttle,synthetic://runtime_telemetry_dryrun_no_bag,synthetic_runtime_telemetry_dryrun
synthetic_runtime_telemetry_dryrun_001,0.5500,0.551943,system_monitor,0.541142,0.550000,8.857506,50.000000,11,0,1.942974,26.858882,33.899052,41.200000,false,,"{""safety_stop"":false,""reason"":""nominal_shadow_runtime_dryrun""}",43.748483,30.289991,636.200000,1935.000000,nominal_no_throttle,synthetic://runtime_telemetry_dryrun_no_bag,synthetic_runtime_telemetry_dryrun
synthetic_runtime_telemetry_dryrun_001,0.6000,0.601956,/tf,0.592302,0.600000,7.697568,50.000000,12,0,1.956412,27.491157,34.585504,42.400000,false,,"{""safety_stop"":false,""reason"":""nominal_shadow_runtime_dryrun""}",43.660333,30.359606,638.400000,1940.000000,nominal_no_throttle,synthetic://runtime_telemetry_dryrun_no_bag,synthetic_runtime_telemetry_dryrun
synthetic_runtime_telemetry_dryrun_001,0.6000,0.601956,/robot_1/odom,0.592351,0.600000,7.648527,50.000000,12,0,1.956412,27.491157,34.585504,42.400000,false,,"{""safety_stop"":false,""reason"":""nominal_shadow_runtime_dryrun""}",43.660333,30.359606,638.400000,1940.000000,nominal_no_throttle,synthetic://runtime_telemetry_dryrun_no_bag,synthetic_runtime_telemetry_dryrun
synthetic_runtime_telemetry_dryrun_001,0.6000,0.601956,/robot_1/detections_raw,0.592391,0.600000,7.608903,50.000000,12,0,1.956412,27.491157,34.585504,42.400000,false,,"{""safety_stop"":false,""reason"":""nominal_shadow_runtime_dryrun""}",43.660333,30.359606,638.400000,1940.000000,nominal_no_throttle,synthetic://runtime_telemetry_dryrun_no_bag,synthetic_runtime_telemetry_dryrun
synthetic_runtime_telemetry_dryrun_001,0.6000,0.601956,/robot_1/detections_faulty,0.592400,0.600000,7.599814,50.000000,12,0,1.956412,27.491157,34.585504,42.400000,false,,"{""safety_stop"":false,""reason"":""nominal_shadow_runtime_dryrun""}",43.660333,30.359606,638.400000,1940.000000,nominal_no_throttle,synthetic://runtime_telemetry_dryrun_no_bag,synthetic_runtime_telemetry_dryrun
synthetic_runtime_telemetry_dryrun_001,0.6000,0.601956,/robot_1/qgip/selected_leader,0.592360,0.600000,7.640477,50.000000,12,0,1.956412,27.491157,34.585504,42.400000,false,,"{""safety_stop"":false,""reason"":""nominal_shadow_runtime_dryrun""}",43.660333,30.359606,638.400000,1940.000000,nominal_no_throttle,synthetic://runtime_telemetry_dryrun_no_bag,synthetic_runtime_telemetry_dryrun
synthetic_runtime_telemetry_dryrun_001,0.6000,0.601956,/robot_1/qgip/pop_state,0.592253,0.600000,7.747015,50.000000,12,0,1.956412,27.491157,34.585504,42.400000,false,,"{""safety_stop"":false,""reason"":""nominal_shadow_runtime_dryrun""}",43.660333,30.359606,638.400000,1940.000000,nominal_no_throttle,synthetic://runtime_telemetry_dryrun_no_bag,synthetic_runtime_telemetry_dryrun
synthetic_runtime_telemetry_dryrun_001,0.6000,0.601956,/robot_1/qgip/mpc_debug,0.592069,0.600000,7.931458,50.000000,12,0,1.956412,27.491157,34.585504,42.400000,false,,"{""safety_stop"":false,""reason"":""nominal_shadow_runtime_dryrun""}",43.660333,30.359606,638.400000,1940.000000,nominal_no_throttle,synthetic://runtime_telemetry_dryrun_no_bag,synthetic_runtime_telemetry_dryrun
synthetic_runtime_telemetry_dryrun_001,0.6000,0.601956,/robot_1/cmd_vel_safe,0.591799,0.600000,8.200990,50.000000,12,0,1.956412,27.491157,34.585504,42.400000,false,,"{""safety_stop"":false,""reason"":""nominal_shadow_runtime_dryrun""}",43.660333,30.359606,638.400000,1940.000000,nominal_no_throttle,synthetic://runtime_telemetry_dryrun_no_bag,synthetic_runtime_telemetry_dryrun
synthetic_runtime_telemetry_dryrun_001,0.6000,0.601956,/robot_1/safety_state,0.591442,0.600000,8.557506,50.000000,12,0,1.956412,27.491157,34.585504,42.400000,false,,"{""safety_stop"":false,""reason"":""nominal_shadow_runtime_dryrun""}",43.660333,30.359606,638.400000,1940.000000,nominal_no_throttle,synthetic://runtime_telemetry_dryrun_no_bag,synthetic_runtime_telemetry_dryrun
synthetic_runtime_telemetry_dryrun_001,0.6000,0.601956,system_monitor,0.591003,0.600000,8.997492,50.000000,12,0,1.956412,27.491157,34.585504,42.400000,false,,"{""safety_stop"":false,""reason"":""nominal_shadow_runtime_dryrun""}",43.660333,30.359606,638.400000,1940.000000,nominal_no_throttle,synthetic://runtime_telemetry_dryrun_no_bag,synthetic_runtime_telemetry_dryrun
synthetic_runtime_telemetry_dryrun_001,0.6500,0.651960,/tf,0.642651,0.650000,7.348527,50.000000,13,0,1.960425,28.093192,35.276326,67.600000,false,,"{""safety_stop"":false,""reason"":""nominal_shadow_runtime_dryrun""}",43.599723,30.468584,652.600000,1945.000000,nominal_no_throttle,synthetic://runtime_telemetry_dryrun_no_bag,synthetic_runtime_telemetry_dryrun
synthetic_runtime_telemetry_dryrun_001,0.6500,0.651960,/robot_1/odom,0.642691,0.650000,7.308903,50.000000,13,0,1.960425,28.093192,35.276326,67.600000,false,,"{""safety_stop"":false,""reason"":""nominal_shadow_runtime_dryrun""}",43.599723,30.468584,652.600000,1945.000000,nominal_no_throttle,synthetic://runtime_telemetry_dryrun_no_bag,synthetic_runtime_telemetry_dryrun
synthetic_runtime_telemetry_dryrun_001,0.6500,0.651960,/robot_1/detections_raw,0.642700,0.650000,7.299814,50.000000,13,0,1.960425,28.093192,35.276326,67.600000,false,,"{""safety_stop"":false,""reason"":""nominal_shadow_runtime_dryrun""}",43.599723,30.468584,652.600000,1945.000000,nominal_no_throttle,synthetic://runtime_telemetry_dryrun_no_bag,synthetic_runtime_telemetry_dryrun
synthetic_runtime_telemetry_dryrun_001,0.6500,0.651960,/robot_1/detections_faulty,0.642660,0.650000,7.340477,50.000000,13,0,1.960425,28.093192,35.276326,67.600000,false,,"{""safety_stop"":false,""reason"":""nominal_shadow_runtime_dryrun""}",43.599723,30.468584,652.600000,1945.000000,nominal_no_throttle,synthetic://runtime_telemetry_dryrun_no_bag,synthetic_runtime_telemetry_dryrun
synthetic_runtime_telemetry_dryrun_001,0.6500,0.651960,/robot_1/qgip/selected_leader,0.642553,0.650000,7.447015,50.000000,13,0,1.960425,28.093192,35.276326,67.600000,false,,"{""safety_stop"":false,""reason"":""nominal_shadow_runtime_dryrun""}",43.599723,30.468584,652.600000,1945.000000,nominal_no_throttle,synthetic://runtime_telemetry_dryrun_no_bag,synthetic_runtime_telemetry_dryrun
synthetic_runtime_telemetry_dryrun_001,0.6500,0.651960,/robot_1/qgip/pop_state,0.642369,0.650000,7.631458,50.000000,13,0,1.960425,28.093192,35.276326,67.600000,false,,"{""safety_stop"":false,""reason"":""nominal_shadow_runtime_dryrun""}",43.599723,30.468584,652.600000,1945.000000,nominal_no_throttle,synthetic://runtime_telemetry_dryrun_no_bag,synthetic_runtime_telemetry_dryrun
synthetic_runtime_telemetry_dryrun_001,0.6500,0.651960,/robot_1/qgip/mpc_debug,0.642099,0.650000,7.900990,50.000000,13,0,1.960425,28.093192,35.276326,67.600000,false,,"{""safety_stop"":false,""reason"":""nominal_shadow_runtime_dryrun""}",43.599723,30.468584,652.600000,1945.000000,nominal_no_throttle,synthetic://runtime_telemetry_dryrun_no_bag,synthetic_runtime_telemetry_dryrun
synthetic_runtime_telemetry_dryrun_001,0.6500,0.651960,/robot_1/cmd_vel_safe,0.638742,0.650000,11.257506,50.000000,13,0,1.960425,28.093192,35.276326,67.600000,false,,"{""safety_stop"":false,""reason"":""nominal_shadow_runtime_dryrun""}",43.599723,30.468584,652.600000,1945.000000,nominal_no_throttle,synthetic://runtime_telemetry_dryrun_no_bag,synthetic_runtime_telemetry_dryrun
synthetic_runtime_telemetry_dryrun_001,0.6500,0.651960,/robot_1/safety_state,0.641303,0.650000,8.697492,50.000000,13,0,1.960425,28.093192,35.276326,67.600000,true,synthetic_fault_injection_hold,"{""safety_stop"":true,""reason"":""synthetic_fault_injection_hold""}",43.599723,30.468584,652.600000,1945.000000,nominal_no_throttle,synthetic://runtime_telemetry_dryrun_no_bag,synthetic_runtime_telemetry_dryrun
synthetic_runtime_telemetry_dryrun_001,0.6500,0.651960,system_monitor,0.640788,0.650000,9.212244,50.000000,13,0,1.960425,28.093192,35.276326,67.600000,false,,"{""safety_stop"":false,""reason"":""nominal_shadow_runtime_dryrun""}",43.599723,30.468584,652.600000,1945.000000,nominal_no_throttle,synthetic://runtime_telemetry_dryrun_no_bag,synthetic_runtime_telemetry_dryrun
synthetic_runtime_telemetry_dryrun_001,0.7000,0.701957,/tf,0.692991,0.700000,7.008903,50.000000,14,0,1.957246,28.667703,35.975780,68.800000,false,,"{""safety_stop"":false,""reason"":""nominal_shadow_runtime_dryrun""}",43.591837,30.620418,654.800000,1950.000000,nominal_no_throttle,synthetic://runtime_telemetry_dryrun_no_bag,synthetic_runtime_telemetry_dryrun
synthetic_runtime_telemetry_dryrun_001,0.7000,0.701957,/robot_1/odom,0.693000,0.700000,6.999814,50.000000,14,0,1.957246,28.667703,35.975780,68.800000,false,,"{""safety_stop"":false,""reason"":""nominal_shadow_runtime_dryrun""}",43.591837,30.620418,654.800000,1950.000000,nominal_no_throttle,synthetic://runtime_telemetry_dryrun_no_bag,synthetic_runtime_telemetry_dryrun
synthetic_runtime_telemetry_dryrun_001,0.7000,0.701957,/robot_1/detections_raw,0.692960,0.700000,7.040477,50.000000,14,0,1.957246,28.667703,35.975780,68.800000,false,,"{""safety_stop"":false,""reason"":""nominal_shadow_runtime_dryrun""}",43.591837,30.620418,654.800000,1950.000000,nominal_no_throttle,synthetic://runtime_telemetry_dryrun_no_bag,synthetic_runtime_telemetry_dryrun
synthetic_runtime_telemetry_dryrun_001,0.7000,0.701957,/robot_1/detections_faulty,0.692853,0.700000,7.147015,50.000000,14,0,1.957246,28.667703,35.975780,68.800000,false,,"{""safety_stop"":false,""reason"":""nominal_shadow_runtime_dryrun""}",43.591837,30.620418,654.800000,1950.000000,nominal_no_throttle,synthetic://runtime_telemetry_dryrun_no_bag,synthetic_runtime_telemetry_dryrun
synthetic_runtime_telemetry_dryrun_001,0.7000,0.701957,/robot_1/qgip/selected_leader,0.692669,0.700000,7.331458,50.000000,14,0,1.957246,28.667703,35.975780,68.800000,false,,"{""safety_stop"":false,""reason"":""nominal_shadow_runtime_dryrun""}",43.591837,30.620418,654.800000,1950.000000,nominal_no_throttle,synthetic://runtime_telemetry_dryrun_no_bag,synthetic_runtime_telemetry_dryrun
synthetic_runtime_telemetry_dryrun_001,0.7000,0.701957,/robot_1/qgip/pop_state,0.692399,0.700000,7.600990,50.000000,14,0,1.957246,28.667703,35.975780,68.800000,false,,"{""safety_stop"":false,""reason"":""nominal_shadow_runtime_dryrun""}",43.591837,30.620418,654.800000,1950.000000,nominal_no_throttle,synthetic://runtime_telemetry_dryrun_no_bag,synthetic_runtime_telemetry_dryrun
synthetic_runtime_telemetry_dryrun_001,0.7000,0.701957,/robot_1/qgip/mpc_debug,0.692042,0.700000,7.957506,50.000000,14,0,1.957246,28.667703,35.975780,68.800000,false,,"{""safety_stop"":false,""reason"":""nominal_shadow_runtime_dryrun""}",43.591837,30.620418,654.800000,1950.000000,nominal_no_throttle,synthetic://runtime_telemetry_dryrun_no_bag,synthetic_runtime_telemetry_dryrun
synthetic_runtime_telemetry_dryrun_001,0.7000,0.701957,/robot_1/cmd_vel_safe,0.688603,0.700000,11.397492,50.000000,14,0,1.957246,28.667703,35.975780,68.800000,false,,"{""safety_stop"":false,""reason"":""nominal_shadow_runtime_dryrun""}",43.591837,30.620418,654.800000,1950.000000,nominal_no_throttle,synthetic://runtime_telemetry_dryrun_no_bag,synthetic_runtime_telemetry_dryrun
synthetic_runtime_telemetry_dryrun_001,0.7000,0.701957,/robot_1/safety_state,0.691088,0.700000,8.912244,50.000000,14,0,1.957246,28.667703,35.975780,68.800000,true,synthetic_fault_injection_hold,"{""safety_stop"":true,""reason"":""synthetic_fault_injection_hold""}",43.591837,30.620418,654.800000,1950.000000,nominal_no_throttle,synthetic://runtime_telemetry_dryrun_no_bag,synthetic_runtime_telemetry_dryrun
synthetic_runtime_telemetry_dryrun_001,0.7000,0.701957,system_monitor,0.690512,0.700000,9.488409,50.000000,14,0,1.957246,28.667703,35.975780,68.800000,false,,"{""safety_stop"":false,""reason"":""nominal_shadow_runtime_dryrun""}",43.591837,30.620418,654.800000,1950.000000,nominal_no_throttle,synthetic://runtime_telemetry_dryrun_no_bag,synthetic_runtime_telemetry_dryrun
synthetic_runtime_telemetry_dryrun_001,0.7500,0.751949,/tf,0.743300,0.750000,6.699814,50.000000,15,0,1.949392,29.218167,36.687951,70.000000,false,,"{""safety_stop"":false,""reason"":""nominal_shadow_runtime_dryrun""}",43.657584,30.816493,657.000000,1955.000000,nominal_no_throttle,synthetic://runtime_telemetry_dryrun_no_bag,synthetic_runtime_telemetry_dryrun
synthetic_runtime_telemetry_dryrun_001,0.7500,0.751949,/robot_1/odom,0.743260,0.750000,6.740477,50.000000,15,0,1.949392,29.218167,36.687951,70.000000,false,,"{""safety_stop"":false,""reason"":""nominal_shadow_runtime_dryrun""}",43.657584,30.816493,657.000000,1955.000000,nominal_no_throttle,synthetic://runtime_telemetry_dryrun_no_bag,synthetic_runtime_telemetry_dryrun
synthetic_runtime_telemetry_dryrun_001,0.7500,0.751949,/robot_1/detections_raw,0.743153,0.750000,6.847015,50.000000,15,0,1.949392,29.218167,36.687951,70.000000,false,,"{""safety_stop"":false,""reason"":""nominal_shadow_runtime_dryrun""}",43.657584,30.816493,657.000000,1955.000000,nominal_no_throttle,synthetic://runtime_telemetry_dryrun_no_bag,synthetic_runtime_telemetry_dryrun
synthetic_runtime_telemetry_dryrun_001,0.7500,0.751949,/robot_1/detections_faulty,0.742969,0.750000,7.031458,50.000000,15,0,1.949392,29.218167,36.687951,70.000000,false,,"{""safety_stop"":false,""reason"":""nominal_shadow_runtime_dryrun""}",43.657584,30.816493,657.000000,1955.000000,nominal_no_throttle,synthetic://runtime_telemetry_dryrun_no_bag,synthetic_runtime_telemetry_dryrun
synthetic_runtime_telemetry_dryrun_001,0.7500,0.751949,/robot_1/qgip/selected_leader,0.742699,0.750000,7.300990,50.000000,15,0,1.949392,29.218167,36.687951,70.000000,false,,"{""safety_stop"":false,""reason"":""nominal_shadow_runtime_dryrun""}",43.657584,30.816493,657.000000,1955.000000,nominal_no_throttle,synthetic://runtime_telemetry_dryrun_no_bag,synthetic_runtime_telemetry_dryrun
synthetic_runtime_telemetry_dryrun_001,0.7500,0.751949,/robot_1/qgip/pop_state,0.742342,0.750000,7.657506,50.000000,15,0,1.949392,29.218167,36.687951,70.000000,false,,"{""safety_stop"":false,""reason"":""nominal_shadow_runtime_dryrun""}",43.657584,30.816493,657.000000,1955.000000,nominal_no_throttle,synthetic://runtime_telemetry_dryrun_no_bag,synthetic_runtime_telemetry_dryrun
synthetic_runtime_telemetry_dryrun_001,0.7500,0.751949,/robot_1/qgip/mpc_debug,0.741903,0.750000,8.097492,50.000000,15,0,1.949392,29.218167,36.687951,70.000000,false,,"{""safety_stop"":false,""reason"":""nominal_shadow_runtime_dryrun""}",43.657584,30.816493,657.000000,1955.000000,nominal_no_throttle,synthetic://runtime_telemetry_dryrun_no_bag,synthetic_runtime_telemetry_dryrun
synthetic_runtime_telemetry_dryrun_001,0.7500,0.751949,/robot_1/cmd_vel_safe,0.738388,0.750000,11.612244,50.000000,15,0,1.949392,29.218167,36.687951,70.000000,false,,"{""safety_stop"":false,""reason"":""nominal_shadow_runtime_dryrun""}",43.657584,30.816493,657.000000,1955.000000,nominal_no_throttle,synthetic://runtime_telemetry_dryrun_no_bag,synthetic_runtime_telemetry_dryrun
synthetic_runtime_telemetry_dryrun_001,0.7500,0.751949,/robot_1/safety_state,0.740812,0.750000,9.188409,50.000000,15,0,1.949392,29.218167,36.687951,70.000000,true,synthetic_fault_injection_hold,"{""safety_stop"":true,""reason"":""synthetic_fault_injection_hold""}",43.657584,30.816493,657.000000,1955.000000,nominal_no_throttle,synthetic://runtime_telemetry_dryrun_no_bag,synthetic_runtime_telemetry_dryrun
synthetic_runtime_telemetry_dryrun_001,0.7500,0.751949,system_monitor,0.740191,0.750000,9.808818,50.000000,15,0,1.949392,29.218167,36.687951,70.000000,false,,"{""safety_stop"":false,""reason"":""nominal_shadow_runtime_dryrun""}",43.657584,30.816493,657.000000,1955.000000,nominal_no_throttle,synthetic://runtime_telemetry_dryrun_no_bag,synthetic_runtime_telemetry_dryrun
synthetic_runtime_telemetry_dryrun_001,0.8000,0.801940,/tf,0.793560,0.800000,6.440477,50.000000,16,0,1.939569,29.748727,37.416667,47.200000,false,,"{""safety_stop"":false,""reason"":""nominal_shadow_runtime_dryrun""}",43.811902,31.056019,647.200000,1960.000000,nominal_no_throttle,synthetic://runtime_telemetry_dryrun_no_bag,synthetic_runtime_telemetry_dryrun
synthetic_runtime_telemetry_dryrun_001,0.8000,0.801940,/robot_1/odom,0.793453,0.800000,6.547015,50.000000,16,0,1.939569,29.748727,37.416667,47.200000,false,,"{""safety_stop"":false,""reason"":""nominal_shadow_runtime_dryrun""}",43.811902,31.056019,647.200000,1960.000000,nominal_no_throttle,synthetic://runtime_telemetry_dryrun_no_bag,synthetic_runtime_telemetry_dryrun
synthetic_runtime_telemetry_dryrun_001,0.8000,0.801940,/robot_1/detections_raw,0.793269,0.800000,6.731458,50.000000,16,0,1.939569,29.748727,37.416667,47.200000,false,,"{""safety_stop"":false,""reason"":""nominal_shadow_runtime_dryrun""}",43.811902,31.056019,647.200000,1960.000000,nominal_no_throttle,synthetic://runtime_telemetry_dryrun_no_bag,synthetic_runtime_telemetry_dryrun
synthetic_runtime_telemetry_dryrun_001,0.8000,0.801940,/robot_1/detections_faulty,0.792999,0.800000,7.000990,50.000000,16,0,1.939569,29.748727,37.416667,47.200000,false,,"{""safety_stop"":false,""reason"":""nominal_shadow_runtime_dryrun""}",43.811902,31.056019,647.200000,1960.000000,nominal_no_throttle,synthetic://runtime_telemetry_dryrun_no_bag,synthetic_runtime_telemetry_dryrun
synthetic_runtime_telemetry_dryrun_001,0.8000,0.801940,/robot_1/qgip/selected_leader,0.792642,0.800000,7.357506,50.000000,16,0,1.939569,29.748727,37.416667,47.200000,false,,"{""safety_stop"":false,""reason"":""nominal_shadow_runtime_dryrun""}",43.811902,31.056019,647.200000,1960.000000,nominal_no_throttle,synthetic://runtime_telemetry_dryrun_no_bag,synthetic_runtime_telemetry_dryrun
synthetic_runtime_telemetry_dryrun_001,0.8000,0.801940,/robot_1/qgip/pop_state,0.792203,0.800000,7.797492,50.000000,16,0,1.939569,29.748727,37.416667,47.200000,false,,"{""safety_stop"":false,""reason"":""nominal_shadow_runtime_dryrun""}",43.811902,31.056019,647.200000,1960.000000,nominal_no_throttle,synthetic://runtime_telemetry_dryrun_no_bag,synthetic_runtime_telemetry_dryrun
synthetic_runtime_telemetry_dryrun_001,0.8000,0.801940,/robot_1/qgip/mpc_debug,0.791688,0.800000,8.312244,50.000000,16,0,1.939569,29.748727,37.416667,47.200000,false,,"{""safety_stop"":false,""reason"":""nominal_shadow_runtime_dryrun""}",43.811902,31.056019,647.200000,1960.000000,nominal_no_throttle,synthetic://runtime_telemetry_dryrun_no_bag,synthetic_runtime_telemetry_dryrun
synthetic_runtime_telemetry_dryrun_001,0.8000,0.801940,/robot_1/cmd_vel_safe,0.791112,0.800000,8.888409,50.000000,16,0,1.939569,29.748727,37.416667,47.200000,false,,"{""safety_stop"":false,""reason"":""nominal_shadow_runtime_dryrun""}",43.811902,31.056019,647.200000,1960.000000,nominal_no_throttle,synthetic://runtime_telemetry_dryrun_no_bag,synthetic_runtime_telemetry_dryrun
synthetic_runtime_telemetry_dryrun_001,0.8000,0.801940,/robot_1/safety_state,0.790491,0.800000,9.508818,50.000000,16,0,1.939569,29.748727,37.416667,47.200000,false,,"{""safety_stop"":false,""reason"":""nominal_shadow_runtime_dryrun""}",43.811902,31.056019,647.200000,1960.000000,nominal_no_throttle,synthetic://runtime_telemetry_dryrun_no_bag,synthetic_runtime_telemetry_dryrun
synthetic_runtime_telemetry_dryrun_001,0.8000,0.801940,system_monitor,0.789846,0.800000,10.153549,50.000000,16,0,1.939569,29.748727,37.416667,47.200000,false,,"{""safety_stop"":false,""reason"":""nominal_shadow_runtime_dryrun""}",43.811902,31.056019,647.200000,1960.000000,nominal_no_throttle,synthetic://runtime_telemetry_dryrun_no_bag,synthetic_runtime_telemetry_dryrun
synthetic_runtime_telemetry_dryrun_001,0.8500,0.851931,/tf,0.843753,0.850000,6.247015,50.000000,17,0,1.930561,30.264081,38.165416,48.400000,false,,"{""safety_stop"":false,""reason"":""nominal_shadow_runtime_dryrun""}",44.062550,31.336069,649.400000,1965.000000,nominal_no_throttle,synthetic://runtime_telemetry_dryrun_no_bag,synthetic_runtime_telemetry_dryrun
synthetic_runtime_telemetry_dryrun_001,0.8500,0.851931,/robot_1/odom,0.843569,0.850000,6.431458,50.000000,17,0,1.930561,30.264081,38.165416,48.400000,false,,"{""safety_stop"":false,""reason"":""nominal_shadow_runtime_dryrun""}",44.062550,31.336069,649.400000,1965.000000,nominal_no_throttle,synthetic://runtime_telemetry_dryrun_no_bag,synthetic_runtime_telemetry_dryrun
synthetic_runtime_telemetry_dryrun_001,0.8500,0.851931,/robot_1/detections_raw,0.843299,0.850000,6.700990,50.000000,17,0,1.930561,30.264081,38.165416,48.400000,false,,"{""safety_stop"":false,""reason"":""nominal_shadow_runtime_dryrun""}",44.062550,31.336069,649.400000,1965.000000,nominal_no_throttle,synthetic://runtime_telemetry_dryrun_no_bag,synthetic_runtime_telemetry_dryrun
synthetic_runtime_telemetry_dryrun_001,0.8500,0.851931,/robot_1/detections_faulty,0.842942,0.850000,7.057506,50.000000,17,0,1.930561,30.264081,38.165416,48.400000,false,,"{""safety_stop"":false,""reason"":""nominal_shadow_runtime_dryrun""}",44.062550,31.336069,649.400000,1965.000000,nominal_no_throttle,synthetic://runtime_telemetry_dryrun_no_bag,synthetic_runtime_telemetry_dryrun
synthetic_runtime_telemetry_dryrun_001,0.8500,0.851931,/robot_1/qgip/selected_leader,0.842503,0.850000,7.497492,50.000000,17,0,1.930561,30.264081,38.165416,48.400000,false,,"{""safety_stop"":false,""reason"":""nominal_shadow_runtime_dryrun""}",44.062550,31.336069,649.400000,1965.000000,nominal_no_throttle,synthetic://runtime_telemetry_dryrun_no_bag,synthetic_runtime_telemetry_dryrun
synthetic_runtime_telemetry_dryrun_001,0.8500,0.851931,/robot_1/qgip/pop_state,0.841988,0.850000,8.012244,50.000000,17,0,1.930561,30.264081,38.165416,48.400000,false,,"{""safety_stop"":false,""reason"":""nominal_shadow_runtime_dryrun""}",44.062550,31.336069,649.400000,1965.000000,nominal_no_throttle,synthetic://runtime_telemetry_dryrun_no_bag,synthetic_runtime_telemetry_dryrun
synthetic_runtime_telemetry_dryrun_001,0.8500,0.851931,/robot_1/qgip/mpc_debug,0.841412,0.850000,8.588409,50.000000,17,0,1.930561,30.264081,38.165416,48.400000,false,,"{""safety_stop"":false,""reason"":""nominal_shadow_runtime_dryrun""}",44.062550,31.336069,649.400000,1965.000000,nominal_no_throttle,synthetic://runtime_telemetry_dryrun_no_bag,synthetic_runtime_telemetry_dryrun
synthetic_runtime_telemetry_dryrun_001,0.8500,0.851931,/robot_1/cmd_vel_safe,0.840791,0.850000,9.208818,50.000000,17,0,1.930561,30.264081,38.165416,48.400000,false,,"{""safety_stop"":false,""reason"":""nominal_shadow_runtime_dryrun""}",44.062550,31.336069,649.400000,1965.000000,nominal_no_throttle,synthetic://runtime_telemetry_dryrun_no_bag,synthetic_runtime_telemetry_dryrun
synthetic_runtime_telemetry_dryrun_001,0.8500,0.851931,/robot_1/safety_state,0.840146,0.850000,9.853549,50.000000,17,0,1.930561,30.264081,38.165416,48.400000,false,,"{""safety_stop"":false,""reason"":""nominal_shadow_runtime_dryrun""}",44.062550,31.336069,649.400000,1965.000000,nominal_no_throttle,synthetic://runtime_telemetry_dryrun_no_bag,synthetic_runtime_telemetry_dryrun
synthetic_runtime_telemetry_dryrun_001,0.8500,0.851931,system_monitor,0.839499,0.850000,10.501168,50.000000,17,0,1.930561,30.264081,38.165416,48.400000,false,,"{""safety_stop"":false,""reason"":""nominal_shadow_runtime_dryrun""}",44.062550,31.336069,649.400000,1965.000000,nominal_no_throttle,synthetic://runtime_telemetry_dryrun_no_bag,synthetic_runtime_telemetry_dryrun
synthetic_runtime_telemetry_dryrun_001,0.9000,0.901925,/tf,0.893869,0.900000,6.131458,50.000000,18,0,1.925118,30.769344,38.937281,49.600000,false,,"{""safety_stop"":false,""reason"":""nominal_shadow_runtime_dryrun""}",44.409475,31.651721,651.600000,1970.000000,nominal_no_throttle,synthetic://runtime_telemetry_dryrun_no_bag,synthetic_runtime_telemetry_dryrun
synthetic_runtime_telemetry_dryrun_001,0.9000,0.901925,/robot_1/odom,0.893599,0.900000,6.400990,50.000000,18,0,1.925118,30.769344,38.937281,49.600000,false,,"{""safety_stop"":false,""reason"":""nominal_shadow_runtime_dryrun""}",44.409475,31.651721,651.600000,1970.000000,nominal_no_throttle,synthetic://runtime_telemetry_dryrun_no_bag,synthetic_runtime_telemetry_dryrun
synthetic_runtime_telemetry_dryrun_001,0.9000,0.901925,/robot_1/detections_raw,0.893242,0.900000,6.757506,50.000000,18,0,1.925118,30.769344,38.937281,49.600000,false,,"{""safety_stop"":false,""reason"":""nominal_shadow_runtime_dryrun""}",44.409475,31.651721,651.600000,1970.000000,nominal_no_throttle,synthetic://runtime_telemetry_dryrun_no_bag,synthetic_runtime_telemetry_dryrun
synthetic_runtime_telemetry_dryrun_001,0.9000,0.901925,/robot_1/detections_faulty,0.892803,0.900000,7.197492,50.000000,18,0,1.925118,30.769344,38.937281,49.600000,false,,"{""safety_stop"":false,""reason"":""nominal_shadow_runtime_dryrun""}",44.409475,31.651721,651.600000,1970.000000,nominal_no_throttle,synthetic://runtime_telemetry_dryrun_no_bag,synthetic_runtime_telemetry_dryrun
synthetic_runtime_telemetry_dryrun_001,0.9000,0.901925,/robot_1/qgip/selected_leader,0.892288,0.900000,7.712244,50.000000,18,0,1.925118,30.769344,38.937281,49.600000,false,,"{""safety_stop"":false,""reason"":""nominal_shadow_runtime_dryrun""}",44.409475,31.651721,651.600000,1970.000000,nominal_no_throttle,synthetic://runtime_telemetry_dryrun_no_bag,synthetic_runtime_telemetry_dryrun
synthetic_runtime_telemetry_dryrun_001,0.9000,0.901925,/robot_1/qgip/pop_state,0.891712,0.900000,8.288409,50.000000,18,0,1.925118,30.769344,38.937281,49.600000,false,,"{""safety_stop"":false,""reason"":""nominal_shadow_runtime_dryrun""}",44.409475,31.651721,651.600000,1970.000000,nominal_no_throttle,synthetic://runtime_telemetry_dryrun_no_bag,synthetic_runtime_telemetry_dryrun
synthetic_runtime_telemetry_dryrun_001,0.9000,0.901925,/robot_1/qgip/mpc_debug,0.891091,0.900000,8.908818,50.000000,18,0,1.925118,30.769344,38.937281,49.600000,false,,"{""safety_stop"":false,""reason"":""nominal_shadow_runtime_dryrun""}",44.409475,31.651721,651.600000,1970.000000,nominal_no_throttle,synthetic://runtime_telemetry_dryrun_no_bag,synthetic_runtime_telemetry_dryrun
synthetic_runtime_telemetry_dryrun_001,0.9000,0.901925,/robot_1/cmd_vel_safe,0.890446,0.900000,9.553549,50.000000,18,0,1.925118,30.769344,38.937281,49.600000,false,,"{""safety_stop"":false,""reason"":""nominal_shadow_runtime_dryrun""}",44.409475,31.651721,651.600000,1970.000000,nominal_no_throttle,synthetic://runtime_telemetry_dryrun_no_bag,synthetic_runtime_telemetry_dryrun
synthetic_runtime_telemetry_dryrun_001,0.9000,0.901925,/robot_1/safety_state,0.889799,0.900000,10.201168,50.000000,18,0,1.925118,30.769344,38.937281,49.600000,false,,"{""safety_stop"":false,""reason"":""nominal_shadow_runtime_dryrun""}",44.409475,31.651721,651.600000,1970.000000,nominal_no_throttle,synthetic://runtime_telemetry_dryrun_no_bag,synthetic_runtime_telemetry_dryrun
synthetic_runtime_telemetry_dryrun_001,0.9000,0.901925,system_monitor,0.889170,0.900000,10.830062,50.000000,18,0,1.925118,30.769344,38.937281,49.600000,false,,"{""safety_stop"":false,""reason"":""nominal_shadow_runtime_dryrun""}",44.409475,31.651721,651.600000,1970.000000,nominal_no_throttle,synthetic://runtime_telemetry_dryrun_no_bag,synthetic_runtime_telemetry_dryrun
synthetic_runtime_telemetry_dryrun_001,0.9500,0.951926,/tf,0.943899,0.950000,6.100990,50.000000,19,0,1.925850,31.269914,39.734872,50.800000,false,,"{""safety_stop"":false,""reason"":""nominal_shadow_runtime_dryrun""}",44.844819,31.996304,653.800000,1975.000000,nominal_no_throttle,synthetic://runtime_telemetry_dryrun_no_bag,synthetic_runtime_telemetry_dryrun
synthetic_runtime_telemetry_dryrun_001,0.9500,0.951926,/robot_1/odom,0.943542,0.950000,6.457506,50.000000,19,0,1.925850,31.269914,39.734872,50.800000,false,,"{""safety_stop"":false,""reason"":""nominal_shadow_runtime_dryrun""}",44.844819,31.996304,653.800000,1975.000000,nominal_no_throttle,synthetic://runtime_telemetry_dryrun_no_bag,synthetic_runtime_telemetry_dryrun
synthetic_runtime_telemetry_dryrun_001,0.9500,0.951926,/robot_1/detections_raw,0.943103,0.950000,6.897492,50.000000,19,0,1.925850,31.269914,39.734872,50.800000,false,,"{""safety_stop"":false,""reason"":""nominal_shadow_runtime_dryrun""}",44.844819,31.996304,653.800000,1975.000000,nominal_no_throttle,synthetic://runtime_telemetry_dryrun_no_bag,synthetic_runtime_telemetry_dryrun
synthetic_runtime_telemetry_dryrun_001,0.9500,0.951926,/robot_1/detections_faulty,0.942588,0.950000,7.412244,50.000000,19,0,1.925850,31.269914,39.734872,50.800000,false,,"{""safety_stop"":false,""reason"":""nominal_shadow_runtime_dryrun""}",44.844819,31.996304,653.800000,1975.000000,nominal_no_throttle,synthetic://runtime_telemetry_dryrun_no_bag,synthetic_runtime_telemetry_dryrun
synthetic_runtime_telemetry_dryrun_001,0.9500,0.951926,/robot_1/qgip/selected_leader,0.942012,0.950000,7.988409,50.000000,19,0,1.925850,31.269914,39.734872,50.800000,false,,"{""safety_stop"":false,""reason"":""nominal_shadow_runtime_dryrun""}",44.844819,31.996304,653.800000,1975.000000,nominal_no_throttle,synthetic://runtime_telemetry_dryrun_no_bag,synthetic_runtime_telemetry_dryrun
synthetic_runtime_telemetry_dryrun_001,0.9500,0.951926,/robot_1/qgip/pop_state,0.941391,0.950000,8.608818,50.000000,19,0,1.925850,31.269914,39.734872,50.800000,false,,"{""safety_stop"":false,""reason"":""nominal_shadow_runtime_dryrun""}",44.844819,31.996304,653.800000,1975.000000,nominal_no_throttle,synthetic://runtime_telemetry_dryrun_no_bag,synthetic_runtime_telemetry_dryrun
synthetic_runtime_telemetry_dryrun_001,0.9500,0.951926,/robot_1/qgip/mpc_debug,0.940746,0.950000,9.253549,50.000000,19,0,1.925850,31.269914,39.734872,50.800000,false,,"{""safety_stop"":false,""reason"":""nominal_shadow_runtime_dryrun""}",44.844819,31.996304,653.800000,1975.000000,nominal_no_throttle,synthetic://runtime_telemetry_dryrun_no_bag,synthetic_runtime_telemetry_dryrun
synthetic_runtime_telemetry_dryrun_001,0.9500,0.951926,/robot_1/cmd_vel_safe,0.940099,0.950000,9.901168,50.000000,19,0,1.925850,31.269914,39.734872,50.800000,false,,"{""safety_stop"":false,""reason"":""nominal_shadow_runtime_dryrun""}",44.844819,31.996304,653.800000,1975.000000,nominal_no_throttle,synthetic://runtime_telemetry_dryrun_no_bag,synthetic_runtime_telemetry_dryrun
synthetic_runtime_telemetry_dryrun_001,0.9500,0.951926,/robot_1/safety_state,0.939470,0.950000,10.530062,50.000000,19,0,1.925850,31.269914,39.734872,50.800000,false,,"{""safety_stop"":false,""reason"":""nominal_shadow_runtime_dryrun""}",44.844819,31.996304,653.800000,1975.000000,nominal_no_throttle,synthetic://runtime_telemetry_dryrun_no_bag,synthetic_runtime_telemetry_dryrun
synthetic_runtime_telemetry_dryrun_001,0.9500,0.951926,system_monitor,0.938880,0.950000,11.119781,50.000000,19,0,1.925850,31.269914,39.734872,50.800000,false,,"{""safety_stop"":false,""reason"":""nominal_shadow_runtime_dryrun""}",44.844819,31.996304,653.800000,1975.000000,nominal_no_throttle,synthetic://runtime_telemetry_dryrun_no_bag,synthetic_runtime_telemetry_dryrun
synthetic_runtime_telemetry_dryrun_001,1.0000,1.001935,/tf,0.993842,1.000000,6.157506,50.000000,20,0,1.935119,31.771318,40.560276,52.000000,false,,"{""safety_stop"":false,""reason"":""nominal_shadow_runtime_dryrun""}",45.353554,32.361725,656.000000,1980.000000,nominal_no_throttle,synthetic://runtime_telemetry_dryrun_no_bag,synthetic_runtime_telemetry_dryrun
synthetic_runtime_telemetry_dryrun_001,1.0000,1.001935,/robot_1/odom,0.993403,1.000000,6.597492,50.000000,20,0,1.935119,31.771318,40.560276,52.000000,false,,"{""safety_stop"":false,""reason"":""nominal_shadow_runtime_dryrun""}",45.353554,32.361725,656.000000,1980.000000,nominal_no_throttle,synthetic://runtime_telemetry_dryrun_no_bag,synthetic_runtime_telemetry_dryrun
synthetic_runtime_telemetry_dryrun_001,1.0000,1.001935,/robot_1/detections_raw,0.992888,1.000000,7.112244,50.000000,20,0,1.935119,31.771318,40.560276,52.000000,false,,"{""safety_stop"":false,""reason"":""nominal_shadow_runtime_dryrun""}",45.353554,32.361725,656.000000,1980.000000,nominal_no_throttle,synthetic://runtime_telemetry_dryrun_no_bag,synthetic_runtime_telemetry_dryrun
synthetic_runtime_telemetry_dryrun_001,1.0000,1.001935,/robot_1/detections_faulty,0.992312,1.000000,7.688409,50.000000,20,0,1.935119,31.771318,40.560276,52.000000,false,,"{""safety_stop"":false,""reason"":""nominal_shadow_runtime_dryrun""}",45.353554,32.361725,656.000000,1980.000000,nominal_no_throttle,synthetic://runtime_telemetry_dryrun_no_bag,synthetic_runtime_telemetry_dryrun
synthetic_runtime_telemetry_dryrun_001,1.0000,1.001935,/robot_1/qgip/selected_leader,0.991691,1.000000,8.308818,50.000000,20,0,1.935119,31.771318,40.560276,52.000000,false,,"{""safety_stop"":false,""reason"":""nominal_shadow_runtime_dryrun""}",45.353554,32.361725,656.000000,1980.000000,nominal_no_throttle,synthetic://runtime_telemetry_dryrun_no_bag,synthetic_runtime_telemetry_dryrun
synthetic_runtime_telemetry_dryrun_001,1.0000,1.001935,/robot_1/qgip/pop_state,0.991046,1.000000,8.953549,50.000000,20,0,1.935119,31.771318,40.560276,52.000000,false,,"{""safety_stop"":false,""reason"":""nominal_shadow_runtime_dryrun""}",45.353554,32.361725,656.000000,1980.000000,nominal_no_throttle,synthetic://runtime_telemetry_dryrun_no_bag,synthetic_runtime_telemetry_dryrun
synthetic_runtime_telemetry_dryrun_001,1.0000,1.001935,/robot_1/qgip/mpc_debug,0.990399,1.000000,9.601168,50.000000,20,0,1.935119,31.771318,40.560276,52.000000,false,,"{""safety_stop"":false,""reason"":""nominal_shadow_runtime_dryrun""}",45.353554,32.361725,656.000000,1980.000000,nominal_no_throttle,synthetic://runtime_telemetry_dryrun_no_bag,synthetic_runtime_telemetry_dryrun
synthetic_runtime_telemetry_dryrun_001,1.0000,1.001935,/robot_1/cmd_vel_safe,0.989770,1.000000,10.230062,50.000000,20,0,1.935119,31.771318,40.560276,52.000000,false,,"{""safety_stop"":false,""reason"":""nominal_shadow_runtime_dryrun""}",45.353554,32.361725,656.000000,1980.000000,nominal_no_throttle,synthetic://runtime_telemetry_dryrun_no_bag,synthetic_runtime_telemetry_dryrun
synthetic_runtime_telemetry_dryrun_001,1.0000,1.001935,/robot_1/safety_state,0.989180,1.000000,10.819781,50.000000,20,0,1.935119,31.771318,40.560276,52.000000,false,,"{""safety_stop"":false,""reason"":""nominal_shadow_runtime_dryrun""}",45.353554,32.361725,656.000000,1980.000000,nominal_no_throttle,synthetic://runtime_telemetry_dryrun_no_bag,synthetic_runtime_telemetry_dryrun
synthetic_runtime_telemetry_dryrun_001,1.0000,1.001935,system_monitor,0.988648,1.000000,11.352313,50.000000,20,0,1.935119,31.771318,40.560276,52.000000,false,,"{""safety_stop"":false,""reason"":""nominal_shadow_runtime_dryrun""}",45.353554,32.361725,656.000000,1980.000000,nominal_no_throttle,synthetic://runtime_telemetry_dryrun_no_bag,synthetic_runtime_telemetry_dryrun
synthetic_runtime_telemetry_dryrun_001,1.0500,1.051955,/tf,1.043703,1.050000,6.297492,50.000000,21,0,1.954948,32.279060,41.415011,53.200000,false,,"{""safety_stop"":false,""reason"":""nominal_shadow_runtime_dryrun""}",45.914701,32.738864,658.200000,1985.000000,nominal_no_throttle,synthetic://runtime_telemetry_dryrun_no_bag,synthetic_runtime_telemetry_dryrun
synthetic_runtime_telemetry_dryrun_001,1.0500,1.051955,/robot_1/odom,1.043188,1.050000,6.812244,50.000000,21,0,1.954948,32.279060,41.415011,53.200000,false,,"{""safety_stop"":false,""reason"":""nominal_shadow_runtime_dryrun""}",45.914701,32.738864,658.200000,1985.000000,nominal_no_throttle,synthetic://runtime_telemetry_dryrun_no_bag,synthetic_runtime_telemetry_dryrun
synthetic_runtime_telemetry_dryrun_001,1.0500,1.051955,/robot_1/detections_raw,1.042612,1.050000,7.388409,50.000000,21,0,1.954948,32.279060,41.415011,53.200000,false,,"{""safety_stop"":false,""reason"":""nominal_shadow_runtime_dryrun""}",45.914701,32.738864,658.200000,1985.000000,nominal_no_throttle,synthetic://runtime_telemetry_dryrun_no_bag,synthetic_runtime_telemetry_dryrun
synthetic_runtime_telemetry_dryrun_001,1.0500,1.051955,/robot_1/detections_faulty,1.041991,1.050000,8.008818,50.000000,21,0,1.954948,32.279060,41.415011,53.200000,false,,"{""safety_stop"":false,""reason"":""nominal_shadow_runtime_dryrun""}",45.914701,32.738864,658.200000,1985.000000,nominal_no_throttle,synthetic://runtime_telemetry_dryrun_no_bag,synthetic_runtime_telemetry_dryrun
synthetic_runtime_telemetry_dryrun_001,1.0500,1.051955,/robot_1/qgip/selected_leader,1.041346,1.050000,8.653549,50.000000,21,0,1.954948,32.279060,41.415011,53.200000,false,,"{""safety_stop"":false,""reason"":""nominal_shadow_runtime_dryrun""}",45.914701,32.738864,658.200000,1985.000000,nominal_no_throttle,synthetic://runtime_telemetry_dryrun_no_bag,synthetic_runtime_telemetry_dryrun
synthetic_runtime_telemetry_dryrun_001,1.0500,1.051955,/robot_1/qgip/pop_state,1.040699,1.050000,9.301168,50.000000,21,0,1.954948,32.279060,41.415011,53.200000,false,,"{""safety_stop"":false,""reason"":""nominal_shadow_runtime_dryrun""}",45.914701,32.738864,658.200000,1985.000000,nominal_no_throttle,synthetic://runtime_telemetry_dryrun_no_bag,synthetic_runtime_telemetry_dryrun
synthetic_runtime_telemetry_dryrun_001,1.0500,1.051955,/robot_1/qgip/mpc_debug,1.040070,1.050000,9.930062,50.000000,21,0,1.954948,32.279060,41.415011,53.200000,false,,"{""safety_stop"":false,""reason"":""nominal_shadow_runtime_dryrun""}",45.914701,32.738864,658.200000,1985.000000,nominal_no_throttle,synthetic://runtime_telemetry_dryrun_no_bag,synthetic_runtime_telemetry_dryrun
synthetic_runtime_telemetry_dryrun_001,1.0500,1.051955,/robot_1/cmd_vel_safe,1.039480,1.050000,10.519781,50.000000,21,0,1.954948,32.279060,41.415011,53.200000,false,,"{""safety_stop"":false,""reason"":""nominal_shadow_runtime_dryrun""}",45.914701,32.738864,658.200000,1985.000000,nominal_no_throttle,synthetic://runtime_telemetry_dryrun_no_bag,synthetic_runtime_telemetry_dryrun
synthetic_runtime_telemetry_dryrun_001,1.0500,1.051955,/robot_1/safety_state,1.038948,1.050000,11.052313,50.000000,21,0,1.954948,32.279060,41.415011,53.200000,false,,"{""safety_stop"":false,""reason"":""nominal_shadow_runtime_dryrun""}",45.914701,32.738864,658.200000,1985.000000,nominal_no_throttle,synthetic://runtime_telemetry_dryrun_no_bag,synthetic_runtime_telemetry_dryrun
synthetic_runtime_telemetry_dryrun_001,1.0500,1.051955,system_monitor,1.038487,1.050000,11.513200,50.000000,21,0,1.954948,32.279060,41.415011,53.200000,false,,"{""safety_stop"":false,""reason"":""nominal_shadow_runtime_dryrun""}",45.914701,32.738864,658.200000,1985.000000,nominal_no_throttle,synthetic://runtime_telemetry_dryrun_no_bag,synthetic_runtime_telemetry_dryrun
synthetic_runtime_telemetry_dryrun_001,1.1000,1.101987,/tf,1.093488,1.100000,6.512244,50.000000,22,0,1.986939,32.798468,42.300001,54.400000,false,,"{""safety_stop"":false,""reason"":""nominal_shadow_runtime_dryrun""}",46.503035,33.118026,660.400000,1990.000000,nominal_no_throttle,synthetic://runtime_telemetry_dryrun_no_bag,synthetic_runtime_telemetry_dryrun
synthetic_runtime_telemetry_dryrun_001,1.1000,1.101987,/robot_1/odom,1.092912,1.100000,7.088409,50.000000,22,0,1.986939,32.798468,42.300001,54.400000,false,,"{""safety_stop"":false,""reason"":""nominal_shadow_runtime_dryrun""}",46.503035,33.118026,660.400000,1990.000000,nominal_no_throttle,synthetic://runtime_telemetry_dryrun_no_bag,synthetic_runtime_telemetry_dryrun
synthetic_runtime_telemetry_dryrun_001,1.1000,1.101987,/robot_1/detections_raw,1.092291,1.100000,7.708818,50.000000,22,0,1.986939,32.798468,42.300001,54.400000,false,,"{""safety_stop"":false,""reason"":""nominal_shadow_runtime_dryrun""}",46.503035,33.118026,660.400000,1990.000000,nominal_no_throttle,synthetic://runtime_telemetry_dryrun_no_bag,synthetic_runtime_telemetry_dryrun
synthetic_runtime_telemetry_dryrun_001,1.1000,1.101987,/robot_1/detections_faulty,1.091646,1.100000,8.353549,50.000000,22,0,1.986939,32.798468,42.300001,54.400000,false,,"{""safety_stop"":false,""reason"":""nominal_shadow_runtime_dryrun""}",46.503035,33.118026,660.400000,1990.000000,nominal_no_throttle,synthetic://runtime_telemetry_dryrun_no_bag,synthetic_runtime_telemetry_dryrun
synthetic_runtime_telemetry_dryrun_001,1.1000,1.101987,/robot_1/qgip/selected_leader,1.090999,1.100000,9.001168,50.000000,22,0,1.986939,32.798468,42.300001,54.400000,false,,"{""safety_stop"":false,""reason"":""nominal_shadow_runtime_dryrun""}",46.503035,33.118026,660.400000,1990.000000,nominal_no_throttle,synthetic://runtime_telemetry_dryrun_no_bag,synthetic_runtime_telemetry_dryrun
synthetic_runtime_telemetry_dryrun_001,1.1000,1.101987,/robot_1/qgip/pop_state,1.090370,1.100000,9.630062,50.000000,22,0,1.986939,32.798468,42.300001,54.400000,false,,"{""safety_stop"":false,""reason"":""nominal_shadow_runtime_dryrun""}",46.503035,33.118026,660.400000,1990.000000,nominal_no_throttle,synthetic://runtime_telemetry_dryrun_no_bag,synthetic_runtime_telemetry_dryrun
synthetic_runtime_telemetry_dryrun_001,1.1000,1.101987,/robot_1/qgip/mpc_debug,1.089780,1.100000,10.219781,50.000000,22,0,1.986939,32.798468,42.300001,54.400000,false,,"{""safety_stop"":false,""reason"":""nominal_shadow_runtime_dryrun""}",46.503035,33.118026,660.400000,1990.000000,nominal_no_throttle,synthetic://runtime_telemetry_dryrun_no_bag,synthetic_runtime_telemetry_dryrun
synthetic_runtime_telemetry_dryrun_001,1.1000,1.101987,/robot_1/cmd_vel_safe,1.089248,1.100000,10.752313,50.000000,22,0,1.986939,32.798468,42.300001,54.400000,false,,"{""safety_stop"":false,""reason"":""nominal_shadow_runtime_dryrun""}",46.503035,33.118026,660.400000,1990.000000,nominal_no_throttle,synthetic://runtime_telemetry_dryrun_no_bag,synthetic_runtime_telemetry_dryrun
synthetic_runtime_telemetry_dryrun_001,1.1000,1.101987,/robot_1/safety_state,1.088787,1.100000,11.213200,50.000000,22,0,1.986939,32.798468,42.300001,54.400000,false,,"{""safety_stop"":false,""reason"":""nominal_shadow_runtime_dryrun""}",46.503035,33.118026,660.400000,1990.000000,nominal_no_throttle,synthetic://runtime_telemetry_dryrun_no_bag,synthetic_runtime_telemetry_dryrun
synthetic_runtime_telemetry_dryrun_001,1.1000,1.101987,system_monitor,1.088408,1.100000,11.592438,50.000000,22,0,1.986939,32.798468,42.300001,54.400000,false,,"{""safety_stop"":false,""reason"":""nominal_shadow_runtime_dryrun""}",46.503035,33.118026,660.400000,1990.000000,nominal_no_throttle,synthetic://runtime_telemetry_dryrun_no_bag,synthetic_runtime_telemetry_dryrun
synthetic_runtime_telemetry_dryrun_001,1.1500,1.152032,/tf,1.143212,1.150000,6.788409,50.000000,23,0,2.032208,33.334546,43.215551,55.600000,false,,"{""safety_stop"":false,""reason"":""nominal_shadow_runtime_dryrun""}",47.091122,33.489417,662.600000,1995.000000,nominal_no_throttle,synthetic://runtime_telemetry_dryrun_no_bag,synthetic_runtime_telemetry_dryrun
synthetic_runtime_telemetry_dryrun_001,1.1500,1.152032,/robot_1/odom,1.142591,1.150000,7.408818,50.000000,23,0,2.032208,33.334546,43.215551,55.600000,false,,"{""safety_stop"":false,""reason"":""nominal_shadow_runtime_dryrun""}",47.091122,33.489417,662.600000,1995.000000,nominal_no_throttle,synthetic://runtime_telemetry_dryrun_no_bag,synthetic_runtime_telemetry_dryrun
synthetic_runtime_telemetry_dryrun_001,1.1500,1.152032,/robot_1/detections_raw,1.141946,1.150000,8.053549,50.000000,23,0,2.032208,33.334546,43.215551,55.600000,false,,"{""safety_stop"":false,""reason"":""nominal_shadow_runtime_dryrun""}",47.091122,33.489417,662.600000,1995.000000,nominal_no_throttle,synthetic://runtime_telemetry_dryrun_no_bag,synthetic_runtime_telemetry_dryrun
synthetic_runtime_telemetry_dryrun_001,1.1500,1.152032,/robot_1/detections_faulty,1.141299,1.150000,8.701168,50.000000,23,0,2.032208,33.334546,43.215551,55.600000,false,,"{""safety_stop"":false,""reason"":""nominal_shadow_runtime_dryrun""}",47.091122,33.489417,662.600000,1995.000000,nominal_no_throttle,synthetic://runtime_telemetry_dryrun_no_bag,synthetic_runtime_telemetry_dryrun
synthetic_runtime_telemetry_dryrun_001,1.1500,1.152032,/robot_1/qgip/selected_leader,1.140670,1.150000,9.330062,50.000000,23,0,2.032208,33.334546,43.215551,55.600000,false,,"{""safety_stop"":false,""reason"":""nominal_shadow_runtime_dryrun""}",47.091122,33.489417,662.600000,1995.000000,nominal_no_throttle,synthetic://runtime_telemetry_dryrun_no_bag,synthetic_runtime_telemetry_dryrun
synthetic_runtime_telemetry_dryrun_001,1.1500,1.152032,/robot_1/qgip/pop_state,1.140080,1.150000,9.919781,50.000000,23,0,2.032208,33.334546,43.215551,55.600000,false,,"{""safety_stop"":false,""reason"":""nominal_shadow_runtime_dryrun""}",47.091122,33.489417,662.600000,1995.000000,nominal_no_throttle,synthetic://runtime_telemetry_dryrun_no_bag,synthetic_runtime_telemetry_dryrun
synthetic_runtime_telemetry_dryrun_001,1.1500,1.152032,/robot_1/qgip/mpc_debug,1.139548,1.150000,10.452313,50.000000,23,0,2.032208,33.334546,43.215551,55.600000,false,,"{""safety_stop"":false,""reason"":""nominal_shadow_runtime_dryrun""}",47.091122,33.489417,662.600000,1995.000000,nominal_no_throttle,synthetic://runtime_telemetry_dryrun_no_bag,synthetic_runtime_telemetry_dryrun
synthetic_runtime_telemetry_dryrun_001,1.1500,1.152032,/robot_1/cmd_vel_safe,1.139087,1.150000,10.913200,50.000000,23,0,2.032208,33.334546,43.215551,55.600000,false,,"{""safety_stop"":false,""reason"":""nominal_shadow_runtime_dryrun""}",47.091122,33.489417,662.600000,1995.000000,nominal_no_throttle,synthetic://runtime_telemetry_dryrun_no_bag,synthetic_runtime_telemetry_dryrun
synthetic_runtime_telemetry_dryrun_001,1.1500,1.152032,/robot_1/safety_state,1.138708,1.150000,11.292438,50.000000,23,0,2.032208,33.334546,43.215551,55.600000,false,,"{""safety_stop"":false,""reason"":""nominal_shadow_runtime_dryrun""}",47.091122,33.489417,662.600000,1995.000000,nominal_no_throttle,synthetic://runtime_telemetry_dryrun_no_bag,synthetic_runtime_telemetry_dryrun
synthetic_runtime_telemetry_dryrun_001,1.1500,1.152032,system_monitor,1.138415,1.150000,11.585102,50.000000,23,0,2.032208,33.334546,43.215551,55.600000,false,,"{""safety_stop"":false,""reason"":""nominal_shadow_runtime_dryrun""}",47.091122,33.489417,662.600000,1995.000000,nominal_no_throttle,synthetic://runtime_telemetry_dryrun_no_bag,synthetic_runtime_telemetry_dryrun
synthetic_runtime_telemetry_dryrun_001,1.2000,1.202091,/tf,1.192891,1.200000,7.108818,50.000000,24,0,2.091342,33.891837,44.161345,56.800000,false,,"{""safety_stop"":false,""reason"":""nominal_shadow_runtime_dryrun""}",47.651552,33.843623,664.800000,2000.000000,nominal_no_throttle,synthetic://runtime_telemetry_dryrun_no_bag,synthetic_runtime_telemetry_dryrun
synthetic_runtime_telemetry_dryrun_001,1.2000,1.202091,/robot_1/odom,1.192246,1.200000,7.753549,50.000000,24,0,2.091342,33.891837,44.161345,56.800000,false,,"{""safety_stop"":false,""reason"":""nominal_shadow_runtime_dryrun""}",47.651552,33.843623,664.800000,2000.000000,nominal_no_throttle,synthetic://runtime_telemetry_dryrun_no_bag,synthetic_runtime_telemetry_dryrun
synthetic_runtime_telemetry_dryrun_001,1.2000,1.202091,/robot_1/detections_raw,1.191599,1.200000,8.401168,50.000000,24,0,2.091342,33.891837,44.161345,56.800000,false,,"{""safety_stop"":false,""reason"":""nominal_shadow_runtime_dryrun""}",47.651552,33.843623,664.800000,2000.000000,nominal_no_throttle,synthetic://runtime_telemetry_dryrun_no_bag,synthetic_runtime_telemetry_dryrun
synthetic_runtime_telemetry_dryrun_001,1.2000,1.202091,/robot_1/detections_faulty,1.190970,1.200000,9.030062,50.000000,24,0,2.091342,33.891837,44.161345,56.800000,false,,"{""safety_stop"":false,""reason"":""nominal_shadow_runtime_dryrun""}",47.651552,33.843623,664.800000,2000.000000,nominal_no_throttle,synthetic://runtime_telemetry_dryrun_no_bag,synthetic_runtime_telemetry_dryrun
synthetic_runtime_telemetry_dryrun_001,1.2000,1.202091,/robot_1/qgip/selected_leader,1.190380,1.200000,9.619781,50.000000,24,0,2.091342,33.891837,44.161345,56.800000,false,,"{""safety_stop"":false,""reason"":""nominal_shadow_runtime_dryrun""}",47.651552,33.843623,664.800000,2000.000000,nominal_no_throttle,synthetic://runtime_telemetry_dryrun_no_bag,synthetic_runtime_telemetry_dryrun
synthetic_runtime_telemetry_dryrun_001,1.2000,1.202091,/robot_1/qgip/pop_state,1.189848,1.200000,10.152313,50.000000,24,0,2.091342,33.891837,44.161345,56.800000,false,,"{""safety_stop"":false,""reason"":""nominal_shadow_runtime_dryrun""}",47.651552,33.843623,664.800000,2000.000000,nominal_no_throttle,synthetic://runtime_telemetry_dryrun_no_bag,synthetic_runtime_telemetry_dryrun
synthetic_runtime_telemetry_dryrun_001,1.2000,1.202091,/robot_1/qgip/mpc_debug,1.189387,1.200000,10.613200,50.000000,24,0,2.091342,33.891837,44.161345,56.800000,false,,"{""safety_stop"":false,""reason"":""nominal_shadow_runtime_dryrun""}",47.651552,33.843623,664.800000,2000.000000,nominal_no_throttle,synthetic://runtime_telemetry_dryrun_no_bag,synthetic_runtime_telemetry_dryrun
synthetic_runtime_telemetry_dryrun_001,1.2000,1.202091,/robot_1/cmd_vel_safe,1.189008,1.200000,10.992438,50.000000,24,0,2.091342,33.891837,44.161345,56.800000,false,,"{""safety_stop"":false,""reason"":""nominal_shadow_runtime_dryrun""}",47.651552,33.843623,664.800000,2000.000000,nominal_no_throttle,synthetic://runtime_telemetry_dryrun_no_bag,synthetic_runtime_telemetry_dryrun
synthetic_runtime_telemetry_dryrun_001,1.2000,1.202091,/robot_1/safety_state,1.188715,1.200000,11.285102,50.000000,24,0,2.091342,33.891837,44.161345,56.800000,false,,"{""safety_stop"":false,""reason"":""nominal_shadow_runtime_dryrun""}",47.651552,33.843623,664.800000,2000.000000,nominal_no_throttle,synthetic://runtime_telemetry_dryrun_no_bag,synthetic_runtime_telemetry_dryrun
synthetic_runtime_telemetry_dryrun_001,1.2000,1.202091,system_monitor,1.188508,1.200000,11.491646,50.000000,24,0,2.091342,33.891837,44.161345,56.800000,false,,"{""safety_stop"":false,""reason"":""nominal_shadow_runtime_dryrun""}",47.651552,33.843623,664.800000,2000.000000,nominal_no_throttle,synthetic://runtime_telemetry_dryrun_no_bag,synthetic_runtime_telemetry_dryrun
synthetic_runtime_telemetry_dryrun_001,1.2500,1.252164,/tf,1.242546,1.250000,7.453549,50.000000,25,0,2.164377,34.474297,45.136449,58.000000,false,,"{""safety_stop"":false,""reason"":""nominal_shadow_runtime_dryrun""}",48.159154,34.172078,667.000000,2005.000000,nominal_no_throttle,synthetic://runtime_telemetry_dryrun_no_bag,synthetic_runtime_telemetry_dryrun
synthetic_runtime_telemetry_dryrun_001,1.2500,1.252164,/robot_1/odom,1.241899,1.250000,8.101168,50.000000,25,0,2.164377,34.474297,45.136449,58.000000,false,,"{""safety_stop"":false,""reason"":""nominal_shadow_runtime_dryrun""}",48.159154,34.172078,667.000000,2005.000000,nominal_no_throttle,synthetic://runtime_telemetry_dryrun_no_bag,synthetic_runtime_telemetry_dryrun
synthetic_runtime_telemetry_dryrun_001,1.2500,1.252164,/robot_1/detections_raw,1.241270,1.250000,8.730062,50.000000,25,0,2.164377,34.474297,45.136449,58.000000,false,,"{""safety_stop"":false,""reason"":""nominal_shadow_runtime_dryrun""}",48.159154,34.172078,667.000000,2005.000000,nominal_no_throttle,synthetic://runtime_telemetry_dryrun_no_bag,synthetic_runtime_telemetry_dryrun
synthetic_runtime_telemetry_dryrun_001,1.2500,1.252164,/robot_1/detections_faulty,1.240680,1.250000,9.319781,50.000000,25,0,2.164377,34.474297,45.136449,58.000000,false,,"{""safety_stop"":false,""reason"":""nominal_shadow_runtime_dryrun""}",48.159154,34.172078,667.000000,2005.000000,nominal_no_throttle,synthetic://runtime_telemetry_dryrun_no_bag,synthetic_runtime_telemetry_dryrun
synthetic_runtime_telemetry_dryrun_001,1.2500,1.252164,/robot_1/qgip/selected_leader,1.240148,1.250000,9.852313,50.000000,25,0,2.164377,34.474297,45.136449,58.000000,false,,"{""safety_stop"":false,""reason"":""nominal_shadow_runtime_dryrun""}",48.159154,34.172078,667.000000,2005.000000,nominal_no_throttle,synthetic://runtime_telemetry_dryrun_no_bag,synthetic_runtime_telemetry_dryrun
synthetic_runtime_telemetry_dryrun_001,1.2500,1.252164,/robot_1/qgip/pop_state,1.239687,1.250000,10.313200,50.000000,25,0,2.164377,34.474297,45.136449,58.000000,false,,"{""safety_stop"":false,""reason"":""nominal_shadow_runtime_dryrun""}",48.159154,34.172078,667.000000,2005.000000,nominal_no_throttle,synthetic://runtime_telemetry_dryrun_no_bag,synthetic_runtime_telemetry_dryrun
synthetic_runtime_telemetry_dryrun_001,1.2500,1.252164,/robot_1/qgip/mpc_debug,1.239308,1.250000,10.692438,50.000000,25,0,2.164377,34.474297,45.136449,58.000000,false,,"{""safety_stop"":false,""reason"":""nominal_shadow_runtime_dryrun""}",48.159154,34.172078,667.000000,2005.000000,nominal_no_throttle,synthetic://runtime_telemetry_dryrun_no_bag,synthetic_runtime_telemetry_dryrun
synthetic_runtime_telemetry_dryrun_001,1.2500,1.252164,/robot_1/cmd_vel_safe,1.239015,1.250000,10.985102,50.000000,25,0,2.164377,34.474297,45.136449,58.000000,false,,"{""safety_stop"":false,""reason"":""nominal_shadow_runtime_dryrun""}",48.159154,34.172078,667.000000,2005.000000,nominal_no_throttle,synthetic://runtime_telemetry_dryrun_no_bag,synthetic_runtime_telemetry_dryrun
synthetic_runtime_telemetry_dryrun_001,1.2500,1.252164,/robot_1/safety_state,1.238808,1.250000,11.191646,50.000000,25,0,2.164377,34.474297,45.136449,58.000000,false,,"{""safety_stop"":false,""reason"":""nominal_shadow_runtime_dryrun""}",48.159154,34.172078,667.000000,2005.000000,nominal_no_throttle,synthetic://runtime_telemetry_dryrun_no_bag,synthetic_runtime_telemetry_dryrun
synthetic_runtime_telemetry_dryrun_001,1.2500,1.252164,system_monitor,1.238682,1.250000,11.317882,50.000000,25,0,2.164377,34.474297,45.136449,58.000000,false,,"{""safety_stop"":false,""reason"":""nominal_shadow_runtime_dryrun""}",48.159154,34.172078,667.000000,2005.000000,nominal_no_throttle,synthetic://runtime_telemetry_dryrun_no_bag,synthetic_runtime_telemetry_dryrun
synthetic_runtime_telemetry_dryrun_001,1.3000,1.302251,/tf,1.292199,1.300000,7.801168,50.000000,26,0,2.250791,35.085183,46.139333,59.200000,false,,"{""safety_stop"":false,""reason"":""nominal_shadow_runtime_dryrun""}",48.593043,34.467480,669.200000,2010.000000,nominal_no_throttle,synthetic://runtime_telemetry_dryrun_no_bag,synthetic_runtime_telemetry_dryrun
synthetic_runtime_telemetry_dryrun_001,1.3000,1.302251,/robot_1/odom,1.291570,1.300000,8.430062,50.000000,26,0,2.250791,35.085183,46.139333,59.200000,false,,"{""safety_stop"":false,""reason"":""nominal_shadow_runtime_dryrun""}",48.593043,34.467480,669.200000,2010.000000,nominal_no_throttle,synthetic://runtime_telemetry_dryrun_no_bag,synthetic_runtime_telemetry_dryrun
synthetic_runtime_telemetry_dryrun_001,1.3000,1.302251,/robot_1/detections_raw,1.290980,1.300000,9.019781,50.000000,26,0,2.250791,35.085183,46.139333,59.200000,false,,"{""safety_stop"":false,""reason"":""nominal_shadow_runtime_dryrun""}",48.593043,34.467480,669.200000,2010.000000,nominal_no_throttle,synthetic://runtime_telemetry_dryrun_no_bag,synthetic_runtime_telemetry_dryrun
synthetic_runtime_telemetry_dryrun_001,1.3000,1.302251,/robot_1/detections_faulty,1.290448,1.300000,9.552313,50.000000,26,0,2.250791,35.085183,46.139333,59.200000,false,,"{""safety_stop"":false,""reason"":""nominal_shadow_runtime_dryrun""}",48.593043,34.467480,669.200000,2010.000000,nominal_no_throttle,synthetic://runtime_telemetry_dryrun_no_bag,synthetic_runtime_telemetry_dryrun
synthetic_runtime_telemetry_dryrun_001,1.3000,1.302251,/robot_1/qgip/selected_leader,1.289987,1.300000,10.013200,50.000000,26,0,2.250791,35.085183,46.139333,59.200000,false,,"{""safety_stop"":false,""reason"":""nominal_shadow_runtime_dryrun""}",48.593043,34.467480,669.200000,2010.000000,nominal_no_throttle,synthetic://runtime_telemetry_dryrun_no_bag,synthetic_runtime_telemetry_dryrun
synthetic_runtime_telemetry_dryrun_001,1.3000,1.302251,/robot_1/qgip/pop_state,1.289608,1.300000,10.392438,50.000000,26,0,2.250791,35.085183,46.139333,59.200000,false,,"{""safety_stop"":false,""reason"":""nominal_shadow_runtime_dryrun""}",48.593043,34.467480,669.200000,2010.000000,nominal_no_throttle,synthetic://runtime_telemetry_dryrun_no_bag,synthetic_runtime_telemetry_dryrun
synthetic_runtime_telemetry_dryrun_001,1.3000,1.302251,/robot_1/qgip/mpc_debug,1.289315,1.300000,10.685102,50.000000,26,0,2.250791,35.085183,46.139333,59.200000,false,,"{""safety_stop"":false,""reason"":""nominal_shadow_runtime_dryrun""}",48.593043,34.467480,669.200000,2010.000000,nominal_no_throttle,synthetic://runtime_telemetry_dryrun_no_bag,synthetic_runtime_telemetry_dryrun
synthetic_runtime_telemetry_dryrun_001,1.3000,1.302251,/robot_1/cmd_vel_safe,1.289108,1.300000,10.891646,50.000000,26,0,2.250791,35.085183,46.139333,59.200000,false,,"{""safety_stop"":false,""reason"":""nominal_shadow_runtime_dryrun""}",48.593043,34.467480,669.200000,2010.000000,nominal_no_throttle,synthetic://runtime_telemetry_dryrun_no_bag,synthetic_runtime_telemetry_dryrun
synthetic_runtime_telemetry_dryrun_001,1.3000,1.302251,/robot_1/safety_state,1.288982,1.300000,11.017882,50.000000,26,0,2.250791,35.085183,46.139333,59.200000,false,,"{""safety_stop"":false,""reason"":""nominal_shadow_runtime_dryrun""}",48.593043,34.467480,669.200000,2010.000000,nominal_no_throttle,synthetic://runtime_telemetry_dryrun_no_bag,synthetic_runtime_telemetry_dryrun
synthetic_runtime_telemetry_dryrun_001,1.3000,1.302251,system_monitor,1.288925,1.300000,11.074614,50.000000,26,0,2.250791,35.085183,46.139333,59.200000,false,,"{""safety_stop"":false,""reason"":""nominal_shadow_runtime_dryrun""}",48.593043,34.467480,669.200000,2010.000000,nominal_no_throttle,synthetic://runtime_telemetry_dryrun_no_bag,synthetic_runtime_telemetry_dryrun
synthetic_runtime_telemetry_dryrun_001,1.3500,1.352350,/tf,1.341870,1.350000,8.130062,50.000000,27,0,2.349532,35.726964,47.167901,60.400000,false,,"{""safety_stop"":false,""reason"":""nominal_shadow_runtime_dryrun""}",48.938310,34.724153,671.400000,2015.000000,nominal_no_throttle,synthetic://runtime_telemetry_dryrun_no_bag,synthetic_runtime_telemetry_dryrun
synthetic_runtime_telemetry_dryrun_001,1.3500,1.352350,/robot_1/odom,1.341280,1.350000,8.719781,50.000000,27,0,2.349532,35.726964,47.167901,60.400000,false,,"{""safety_stop"":false,""reason"":""nominal_shadow_runtime_dryrun""}",48.938310,34.724153,671.400000,2015.000000,nominal_no_throttle,synthetic://runtime_telemetry_dryrun_no_bag,synthetic_runtime_telemetry_dryrun
synthetic_runtime_telemetry_dryrun_001,1.3500,1.352350,/robot_1/detections_raw,1.340748,1.350000,9.252313,50.000000,27,0,2.349532,35.726964,47.167901,60.400000,false,,"{""safety_stop"":false,""reason"":""nominal_shadow_runtime_dryrun""}",48.938310,34.724153,671.400000,2015.000000,nominal_no_throttle,synthetic://runtime_telemetry_dryrun_no_bag,synthetic_runtime_telemetry_dryrun
synthetic_runtime_telemetry_dryrun_001,1.3500,1.352350,/robot_1/detections_faulty,1.340287,1.350000,9.713200,50.000000,27,0,2.349532,35.726964,47.167901,60.400000,false,,"{""safety_stop"":false,""reason"":""nominal_shadow_runtime_dryrun""}",48.938310,34.724153,671.400000,2015.000000,nominal_no_throttle,synthetic://runtime_telemetry_dryrun_no_bag,synthetic_runtime_telemetry_dryrun
synthetic_runtime_telemetry_dryrun_001,1.3500,1.352350,/robot_1/qgip/selected_leader,1.339908,1.350000,10.092438,50.000000,27,0,2.349532,35.726964,47.167901,60.400000,false,,"{""safety_stop"":false,""reason"":""nominal_shadow_runtime_dryrun""}",48.938310,34.724153,671.400000,2015.000000,nominal_no_throttle,synthetic://runtime_telemetry_dryrun_no_bag,synthetic_runtime_telemetry_dryrun
synthetic_runtime_telemetry_dryrun_001,1.3500,1.352350,/robot_1/qgip/pop_state,1.339615,1.350000,10.385102,50.000000,27,0,2.349532,35.726964,47.167901,60.400000,false,,"{""safety_stop"":false,""reason"":""nominal_shadow_runtime_dryrun""}",48.938310,34.724153,671.400000,2015.000000,nominal_no_throttle,synthetic://runtime_telemetry_dryrun_no_bag,synthetic_runtime_telemetry_dryrun
synthetic_runtime_telemetry_dryrun_001,1.3500,1.352350,/robot_1/qgip/mpc_debug,1.339408,1.350000,10.591646,50.000000,27,0,2.349532,35.726964,47.167901,60.400000,false,,"{""safety_stop"":false,""reason"":""nominal_shadow_runtime_dryrun""}",48.938310,34.724153,671.400000,2015.000000,nominal_no_throttle,synthetic://runtime_telemetry_dryrun_no_bag,synthetic_runtime_telemetry_dryrun
synthetic_runtime_telemetry_dryrun_001,1.3500,1.352350,/robot_1/cmd_vel_safe,1.339282,1.350000,10.717882,50.000000,27,0,2.349532,35.726964,47.167901,60.400000,false,,"{""safety_stop"":false,""reason"":""nominal_shadow_runtime_dryrun""}",48.938310,34.724153,671.400000,2015.000000,nominal_no_throttle,synthetic://runtime_telemetry_dryrun_no_bag,synthetic_runtime_telemetry_dryrun
synthetic_runtime_telemetry_dryrun_001,1.3500,1.352350,/robot_1/safety_state,1.339225,1.350000,10.774614,50.000000,27,0,2.349532,35.726964,47.167901,60.400000,false,,"{""safety_stop"":false,""reason"":""nominal_shadow_runtime_dryrun""}",48.938310,34.724153,671.400000,2015.000000,nominal_no_throttle,synthetic://runtime_telemetry_dryrun_no_bag,synthetic_runtime_telemetry_dryrun
synthetic_runtime_telemetry_dryrun_001,1.3500,1.352350,system_monitor,1.339223,1.350000,10.776966,50.000000,27,0,2.349532,35.726964,47.167901,60.400000,false,,"{""safety_stop"":false,""reason"":""nominal_shadow_runtime_dryrun""}",48.938310,34.724153,671.400000,2015.000000,nominal_no_throttle,synthetic://runtime_telemetry_dryrun_no_bag,synthetic_runtime_telemetry_dryrun
synthetic_runtime_telemetry_dryrun_001,1.4000,1.402459,/tf,1.391580,1.400000,8.419781,50.000000,28,0,2.459057,36.401254,48.219535,61.600000,false,,"{""safety_stop"":false,""reason"":""nominal_shadow_runtime_dryrun""}",49.187230,34.938328,673.600000,2020.000000,nominal_no_throttle,synthetic://runtime_telemetry_dryrun_no_bag,synthetic_runtime_telemetry_dryrun
synthetic_runtime_telemetry_dryrun_001,1.4000,1.402459,/robot_1/odom,1.391048,1.400000,8.952313,50.000000,28,0,2.459057,36.401254,48.219535,61.600000,false,,"{""safety_stop"":false,""reason"":""nominal_shadow_runtime_dryrun""}",49.187230,34.938328,673.600000,2020.000000,nominal_no_throttle,synthetic://runtime_telemetry_dryrun_no_bag,synthetic_runtime_telemetry_dryrun
synthetic_runtime_telemetry_dryrun_001,1.4000,1.402459,/robot_1/detections_raw,1.390587,1.400000,9.413200,50.000000,28,0,2.459057,36.401254,48.219535,61.600000,false,,"{""safety_stop"":false,""reason"":""nominal_shadow_runtime_dryrun""}",49.187230,34.938328,673.600000,2020.000000,nominal_no_throttle,synthetic://runtime_telemetry_dryrun_no_bag,synthetic_runtime_telemetry_dryrun
synthetic_runtime_telemetry_dryrun_001,1.4000,1.402459,/robot_1/detections_faulty,1.390208,1.400000,9.792438,50.000000,28,0,2.459057,36.401254,48.219535,61.600000,false,,"{""safety_stop"":false,""reason"":""nominal_shadow_runtime_dryrun""}",49.187230,34.938328,673.600000,2020.000000,nominal_no_throttle,synthetic://runtime_telemetry_dryrun_no_bag,synthetic_runtime_telemetry_dryrun
synthetic_runtime_telemetry_dryrun_001,1.4000,1.402459,/robot_1/qgip/selected_leader,1.389915,1.400000,10.085102,50.000000,28,0,2.459057,36.401254,48.219535,61.600000,false,,"{""safety_stop"":false,""reason"":""nominal_shadow_runtime_dryrun""}",49.187230,34.938328,673.600000,2020.000000,nominal_no_throttle,synthetic://runtime_telemetry_dryrun_no_bag,synthetic_runtime_telemetry_dryrun
synthetic_runtime_telemetry_dryrun_001,1.4000,1.402459,/robot_1/qgip/pop_state,1.389708,1.400000,10.291646,50.000000,28,0,2.459057,36.401254,48.219535,61.600000,false,,"{""safety_stop"":false,""reason"":""nominal_shadow_runtime_dryrun""}",49.187230,34.938328,673.600000,2020.000000,nominal_no_throttle,synthetic://runtime_telemetry_dryrun_no_bag,synthetic_runtime_telemetry_dryrun
synthetic_runtime_telemetry_dryrun_001,1.4000,1.402459,/robot_1/qgip/mpc_debug,1.389582,1.400000,10.417882,50.000000,28,0,2.459057,36.401254,48.219535,61.600000,false,,"{""safety_stop"":false,""reason"":""nominal_shadow_runtime_dryrun""}",49.187230,34.938328,673.600000,2020.000000,nominal_no_throttle,synthetic://runtime_telemetry_dryrun_no_bag,synthetic_runtime_telemetry_dryrun
synthetic_runtime_telemetry_dryrun_001,1.4000,1.402459,/robot_1/cmd_vel_safe,1.389525,1.400000,10.474614,50.000000,28,0,2.459057,36.401254,48.219535,61.600000,false,,"{""safety_stop"":false,""reason"":""nominal_shadow_runtime_dryrun""}",49.187230,34.938328,673.600000,2020.000000,nominal_no_throttle,synthetic://runtime_telemetry_dryrun_no_bag,synthetic_runtime_telemetry_dryrun
synthetic_runtime_telemetry_dryrun_001,1.4000,1.402459,/robot_1/safety_state,1.389523,1.400000,10.476966,50.000000,28,0,2.459057,36.401254,48.219535,61.600000,false,,"{""safety_stop"":false,""reason"":""nominal_shadow_runtime_dryrun""}",49.187230,34.938328,673.600000,2020.000000,nominal_no_throttle,synthetic://runtime_telemetry_dryrun_no_bag,synthetic_runtime_telemetry_dryrun
synthetic_runtime_telemetry_dryrun_001,1.4000,1.402459,system_monitor,1.389557,1.400000,10.443445,50.000000,28,0,2.459057,36.401254,48.219535,61.600000,false,,"{""safety_stop"":false,""reason"":""nominal_shadow_runtime_dryrun""}",49.187230,34.938328,673.600000,2020.000000,nominal_no_throttle,synthetic://runtime_telemetry_dryrun_no_bag,synthetic_runtime_telemetry_dryrun
synthetic_runtime_telemetry_dryrun_001,1.4500,1.452577,/tf,1.441348,1.450000,8.652313,50.000000,29,0,2.577389,37.108766,49.291143,62.800000,false,,"{""safety_stop"":false,""reason"":""nominal_shadow_runtime_dryrun""}",49.339891,35.108323,675.800000,2025.000000,nominal_no_throttle,synthetic://runtime_telemetry_dryrun_no_bag,synthetic_runtime_telemetry_dryrun
synthetic_runtime_telemetry_dryrun_001,1.4500,1.452577,/robot_1/odom,1.440887,1.450000,9.113200,50.000000,29,0,2.577389,37.108766,49.291143,62.800000,false,,"{""safety_stop"":false,""reason"":""nominal_shadow_runtime_dryrun""}",49.339891,35.108323,675.800000,2025.000000,nominal_no_throttle,synthetic://runtime_telemetry_dryrun_no_bag,synthetic_runtime_telemetry_dryrun
synthetic_runtime_telemetry_dryrun_001,1.4500,1.452577,/robot_1/detections_raw,1.440508,1.450000,9.492438,50.000000,29,0,2.577389,37.108766,49.291143,62.800000,false,,"{""safety_stop"":false,""reason"":""nominal_shadow_runtime_dryrun""}",49.339891,35.108323,675.800000,2025.000000,nominal_no_throttle,synthetic://runtime_telemetry_dryrun_no_bag,synthetic_runtime_telemetry_dryrun
synthetic_runtime_telemetry_dryrun_001,1.4500,1.452577,/robot_1/detections_faulty,1.440215,1.450000,9.785102,50.000000,29,0,2.577389,37.108766,49.291143,62.800000,false,,"{""safety_stop"":false,""reason"":""nominal_shadow_runtime_dryrun""}",49.339891,35.108323,675.800000,2025.000000,nominal_no_throttle,synthetic://runtime_telemetry_dryrun_no_bag,synthetic_runtime_telemetry_dryrun
synthetic_runtime_telemetry_dryrun_001,1.4500,1.452577,/robot_1/qgip/selected_leader,1.440008,1.450000,9.991646,50.000000,29,0,2.577389,37.108766,49.291143,62.800000,false,,"{""safety_stop"":false,""reason"":""nominal_shadow_runtime_dryrun""}",49.339891,35.108323,675.800000,2025.000000,nominal_no_throttle,synthetic://runtime_telemetry_dryrun_no_bag,synthetic_runtime_telemetry_dryrun
synthetic_runtime_telemetry_dryrun_001,1.4500,1.452577,/robot_1/qgip/pop_state,1.439882,1.450000,10.117882,50.000000,29,0,2.577389,37.108766,49.291143,62.800000,false,,"{""safety_stop"":false,""reason"":""nominal_shadow_runtime_dryrun""}",49.339891,35.108323,675.800000,2025.000000,nominal_no_throttle,synthetic://runtime_telemetry_dryrun_no_bag,synthetic_runtime_telemetry_dryrun
synthetic_runtime_telemetry_dryrun_001,1.4500,1.452577,/robot_1/qgip/mpc_debug,1.439825,1.450000,10.174614,50.000000,29,0,2.577389,37.108766,49.291143,62.800000,false,,"{""safety_stop"":false,""reason"":""nominal_shadow_runtime_dryrun""}",49.339891,35.108323,675.800000,2025.000000,nominal_no_throttle,synthetic://runtime_telemetry_dryrun_no_bag,synthetic_runtime_telemetry_dryrun
synthetic_runtime_telemetry_dryrun_001,1.4500,1.452577,/robot_1/cmd_vel_safe,1.439823,1.450000,10.176966,50.000000,29,0,2.577389,37.108766,49.291143,62.800000,false,,"{""safety_stop"":false,""reason"":""nominal_shadow_runtime_dryrun""}",49.339891,35.108323,675.800000,2025.000000,nominal_no_throttle,synthetic://runtime_telemetry_dryrun_no_bag,synthetic_runtime_telemetry_dryrun
synthetic_runtime_telemetry_dryrun_001,1.4500,1.452577,/robot_1/safety_state,1.439857,1.450000,10.143445,50.000000,29,0,2.577389,37.108766,49.291143,62.800000,false,,"{""safety_stop"":false,""reason"":""nominal_shadow_runtime_dryrun""}",49.339891,35.108323,675.800000,2025.000000,nominal_no_throttle,synthetic://runtime_telemetry_dryrun_no_bag,synthetic_runtime_telemetry_dryrun
synthetic_runtime_telemetry_dryrun_001,1.4500,1.452577,system_monitor,1.439905,1.450000,10.094788,50.000000,29,0,2.577389,37.108766,49.291143,62.800000,false,,"{""safety_stop"":false,""reason"":""nominal_shadow_runtime_dryrun""}",49.339891,35.108323,675.800000,2025.000000,nominal_no_throttle,synthetic://runtime_telemetry_dryrun_no_bag,synthetic_runtime_telemetry_dryrun
synthetic_runtime_telemetry_dryrun_001,1.5000,1.502702,/tf,1.491187,1.500000,8.813200,50.000000,30,0,2.702205,37.849291,50.379231,64.000000,false,,"{""safety_stop"":false,""reason"":""nominal_shadow_runtime_dryrun""}",49.404184,35.234631,678.000000,2030.000000,nominal_no_throttle,synthetic://runtime_telemetry_dryrun_no_bag,synthetic_runtime_telemetry_dryrun
synthetic_runtime_telemetry_dryrun_001,1.5000,1.502702,/robot_1/odom,1.490808,1.500000,9.192438,50.000000,30,0,2.702205,37.849291,50.379231,64.000000,false,,"{""safety_stop"":false,""reason"":""nominal_shadow_runtime_dryrun""}",49.404184,35.234631,678.000000,2030.000000,nominal_no_throttle,synthetic://runtime_telemetry_dryrun_no_bag,synthetic_runtime_telemetry_dryrun
synthetic_runtime_telemetry_dryrun_001,1.5000,1.502702,/robot_1/detections_raw,1.490515,1.500000,9.485102,50.000000,30,0,2.702205,37.849291,50.379231,64.000000,false,,"{""safety_stop"":false,""reason"":""nominal_shadow_runtime_dryrun""}",49.404184,35.234631,678.000000,2030.000000,nominal_no_throttle,synthetic://runtime_telemetry_dryrun_no_bag,synthetic_runtime_telemetry_dryrun
synthetic_runtime_telemetry_dryrun_001,1.5000,1.502702,/robot_1/detections_faulty,1.490308,1.500000,9.691646,50.000000,30,0,2.702205,37.849291,50.379231,64.000000,false,,"{""safety_stop"":false,""reason"":""nominal_shadow_runtime_dryrun""}",49.404184,35.234631,678.000000,2030.000000,nominal_no_throttle,synthetic://runtime_telemetry_dryrun_no_bag,synthetic_runtime_telemetry_dryrun
synthetic_runtime_telemetry_dryrun_001,1.5000,1.502702,/robot_1/qgip/selected_leader,1.490182,1.500000,9.817882,50.000000,30,0,2.702205,37.849291,50.379231,64.000000,false,,"{""safety_stop"":false,""reason"":""nominal_shadow_runtime_dryrun""}",49.404184,35.234631,678.000000,2030.000000,nominal_no_throttle,synthetic://runtime_telemetry_dryrun_no_bag,synthetic_runtime_telemetry_dryrun
synthetic_runtime_telemetry_dryrun_001,1.5000,1.502702,/robot_1/qgip/pop_state,1.490125,1.500000,9.874614,50.000000,30,0,2.702205,37.849291,50.379231,64.000000,false,,"{""safety_stop"":false,""reason"":""nominal_shadow_runtime_dryrun""}",49.404184,35.234631,678.000000,2030.000000,nominal_no_throttle,synthetic://runtime_telemetry_dryrun_no_bag,synthetic_runtime_telemetry_dryrun
synthetic_runtime_telemetry_dryrun_001,1.5000,1.502702,/robot_1/qgip/mpc_debug,1.490123,1.500000,9.876966,50.000000,30,0,2.702205,37.849291,50.379231,64.000000,false,,"{""safety_stop"":false,""reason"":""nominal_shadow_runtime_dryrun""}",49.404184,35.234631,678.000000,2030.000000,nominal_no_throttle,synthetic://runtime_telemetry_dryrun_no_bag,synthetic_runtime_telemetry_dryrun
synthetic_runtime_telemetry_dryrun_001,1.5000,1.502702,/robot_1/cmd_vel_safe,1.490157,1.500000,9.843445,50.000000,30,0,2.702205,37.849291,50.379231,64.000000,false,,"{""safety_stop"":false,""reason"":""nominal_shadow_runtime_dryrun""}",49.404184,35.234631,678.000000,2030.000000,nominal_no_throttle,synthetic://runtime_telemetry_dryrun_no_bag,synthetic_runtime_telemetry_dryrun
synthetic_runtime_telemetry_dryrun_001,1.5000,1.502702,/robot_1/safety_state,1.490205,1.500000,9.794788,50.000000,30,0,2.702205,37.849291,50.379231,64.000000,false,,"{""safety_stop"":false,""reason"":""nominal_shadow_runtime_dryrun""}",49.404184,35.234631,678.000000,2030.000000,nominal_no_throttle,synthetic://runtime_telemetry_dryrun_no_bag,synthetic_runtime_telemetry_dryrun
synthetic_runtime_telemetry_dryrun_001,1.5000,1.502702,system_monitor,1.490247,1.500000,9.752673,50.000000,30,0,2.702205,37.849291,50.379231,64.000000,false,,"{""safety_stop"":false,""reason"":""nominal_shadow_runtime_dryrun""}",49.404184,35.234631,678.000000,2030.000000,nominal_no_throttle,synthetic://runtime_telemetry_dryrun_no_bag,synthetic_runtime_telemetry_dryrun
synthetic_runtime_telemetry_dryrun_001,1.5500,1.552831,/tf,1.541108,1.550000,8.892438,50.000000,31,0,2.830919,38.621706,51.479966,65.200000,false,,"{""safety_stop"":false,""reason"":""nominal_shadow_runtime_dryrun""}",49.395167,35.319892,680.200000,2035.000000,nominal_no_throttle,synthetic://runtime_telemetry_dryrun_no_bag,synthetic_runtime_telemetry_dryrun
synthetic_runtime_telemetry_dryrun_001,1.5500,1.552831,/robot_1/odom,1.540815,1.550000,9.185102,50.000000,31,0,2.830919,38.621706,51.479966,65.200000,false,,"{""safety_stop"":false,""reason"":""nominal_shadow_runtime_dryrun""}",49.395167,35.319892,680.200000,2035.000000,nominal_no_throttle,synthetic://runtime_telemetry_dryrun_no_bag,synthetic_runtime_telemetry_dryrun
synthetic_runtime_telemetry_dryrun_001,1.5500,1.552831,/robot_1/detections_raw,1.540608,1.550000,9.391646,50.000000,31,0,2.830919,38.621706,51.479966,65.200000,false,,"{""safety_stop"":false,""reason"":""nominal_shadow_runtime_dryrun""}",49.395167,35.319892,680.200000,2035.000000,nominal_no_throttle,synthetic://runtime_telemetry_dryrun_no_bag,synthetic_runtime_telemetry_dryrun
synthetic_runtime_telemetry_dryrun_001,1.5500,1.552831,/robot_1/detections_faulty,1.540482,1.550000,9.517882,50.000000,31,0,2.830919,38.621706,51.479966,65.200000,false,,"{""safety_stop"":false,""reason"":""nominal_shadow_runtime_dryrun""}",49.395167,35.319892,680.200000,2035.000000,nominal_no_throttle,synthetic://runtime_telemetry_dryrun_no_bag,synthetic_runtime_telemetry_dryrun
synthetic_runtime_telemetry_dryrun_001,1.5500,1.552831,/robot_1/qgip/selected_leader,1.540425,1.550000,9.574614,50.000000,31,0,2.830919,38.621706,51.479966,65.200000,false,,"{""safety_stop"":false,""reason"":""nominal_shadow_runtime_dryrun""}",49.395167,35.319892,680.200000,2035.000000,nominal_no_throttle,synthetic://runtime_telemetry_dryrun_no_bag,synthetic_runtime_telemetry_dryrun
synthetic_runtime_telemetry_dryrun_001,1.5500,1.552831,/robot_1/qgip/pop_state,1.540423,1.550000,9.576966,50.000000,31,0,2.830919,38.621706,51.479966,65.200000,false,,"{""safety_stop"":false,""reason"":""nominal_shadow_runtime_dryrun""}",49.395167,35.319892,680.200000,2035.000000,nominal_no_throttle,synthetic://runtime_telemetry_dryrun_no_bag,synthetic_runtime_telemetry_dryrun
synthetic_runtime_telemetry_dryrun_001,1.5500,1.552831,/robot_1/qgip/mpc_debug,1.540457,1.550000,9.543445,50.000000,31,0,2.830919,38.621706,51.479966,65.200000,false,,"{""safety_stop"":false,""reason"":""nominal_shadow_runtime_dryrun""}",49.395167,35.319892,680.200000,2035.000000,nominal_no_throttle,synthetic://runtime_telemetry_dryrun_no_bag,synthetic_runtime_telemetry_dryrun
synthetic_runtime_telemetry_dryrun_001,1.5500,1.552831,/robot_1/cmd_vel_safe,1.540505,1.550000,9.494788,50.000000,31,0,2.830919,38.621706,51.479966,65.200000,false,,"{""safety_stop"":false,""reason"":""nominal_shadow_runtime_dryrun""}",49.395167,35.319892,680.200000,2035.000000,nominal_no_throttle,synthetic://runtime_telemetry_dryrun_no_bag,synthetic_runtime_telemetry_dryrun
synthetic_runtime_telemetry_dryrun_001,1.5500,1.552831,/robot_1/safety_state,1.540547,1.550000,9.452673,50.000000,31,0,2.830919,38.621706,51.479966,65.200000,false,,"{""safety_stop"":false,""reason"":""nominal_shadow_runtime_dryrun""}",49.395167,35.319892,680.200000,2035.000000,nominal_no_throttle,synthetic://runtime_telemetry_dryrun_no_bag,synthetic_runtime_telemetry_dryrun
synthetic_runtime_telemetry_dryrun_001,1.5500,1.552831,system_monitor,1.540562,1.550000,9.438370,50.000000,31,0,2.830919,38.621706,51.479966,65.200000,false,,"{""safety_stop"":false,""reason"":""nominal_shadow_runtime_dryrun""}",49.395167,35.319892,680.200000,2035.000000,nominal_no_throttle,synthetic://runtime_telemetry_dryrun_no_bag,synthetic_runtime_telemetry_dryrun
